{
"type": "FeatureCollection",
"name": "provinces",
"crs": { "type": "name", "properties": { "name": "urn:ogc:def:crs:OGC:1.3:CRS84" } },
"features": [
{ "type": "Feature", "properties": { "province_id": "831ed4fffffffff", "name": "Albania 1", "country": "Albania", "neighbors": [ "831ed0fffffffff", "831ed5fffffffff", "831ed6fffffffff", "831ef2fffffffff", "831ef3fffffffff" ], "centroid_lon": 19.848887170530112, "centroid_lat": 41.295590333813301, "land_frac": 0.7811 }, "geometry": { "type": "Polygon", "coordinates": [ [ [ 19.087059206838333, 41.616884649832009 ], [ 19.082967535760059, 40.970664256969791 ], [ 19.839095665206525, 40.648758107270716 ], [ 20.605555672805369, 40.970872900743942 ], [ 20.620804510951704, 41.617614793604602 ], [ 19.858429080343839, 41.941774202875756 ], [ 19.087059206838333, 41.616884649832009 ] ] ] } },
{ "type": "Feature", "properties": { "province_id": "831ed6fffffffff", "name": "Albania 2", "country": "Albania", "neighbors": [ "831e8bfffffffff", "831ed0fffffffff", "831ed2fffffffff", "831ed4fffffffff", "833f25fffffffff" ], "centroid_lon": 19.079242671825675, "centroid_lat": 40.319881908061959, "land_frac": 0.2102 }, "geometry": { "type": "Polygon", "coordinates": [ [ [ 18.32382268193221, 40.638905401682933 ], [ 18.325260281104836, 39.988177963363235 ], [ 19.074960024516955, 39.668440670168167 ], [ 19.829637484984854, 39.997314486205326 ], [ 19.839095665206525, 40.648758107270716 ], [ 19.082967535760059, 40.970664256969791 ], [ 18.32382268193221, 40.638905401682933 ] ] ] } },
{ "type": "Feature", "properties": { "province_id": "831ed0fffffffff", "name": "Albania 3", "country": "Albania", "neighbors": [ "831ed1fffffffff", "831ed2fffffffff", "831ed3fffffffff", "831ed4fffffffff", "831ed5fffffffff", "831ed6fffffffff" ], "centroid_lon": 20.59061103661767, "centroid_lat": 40.319551341683393, "land_frac": 0.9982 }, "geometry": { "type": "Polygon", "coordinates": [ [ [ 19.839095665206525, 40.648758107270716 ], [ 19.829637484984854, 39.997314486205326 ], [ 20.575713543106456, 39.667573053662821 ], [ 21.337048931085388, 39.986959531734584 ], [ 21.357433736362598, 40.638762654776833 ], [ 20.605555672805369, 40.970872900743942 ], [ 19.839095665206525, 40.648758107270716 ] ] ] } },
{ "type": "Feature", "properties": { "province_id": "83395bfffffffff", "name": "Algeria 1", "country": "Algeria", "neighbors": [ "833874fffffffff", "833875fffffffff", "83395afffffffff" ], "centroid_lon": 4.7880753532611671, "centroid_lat": 37.409987601112149, "land_frac": 0.019 }, "geometry": { "type": "Polygon", "coordinates": [ [ [ 4.064471344278904, 37.638983116343653 ], [ 4.160413100444146, 37.005220292546461 ], [ 4.877235004794167, 36.773674200037227 ], [ 5.507969569355876, 37.176341700435167 ], [ 5.420221541646801, 37.814001212945215 ], [ 4.69345140414619, 38.045121630616087 ], [ 4.064471344278904, 37.638983116343653 ] ] ] } },
{ "type": "Feature", "properties": { "province_id": "83395afffffffff", "name": "Algeria 2", "country": "Algeria", "neighbors": [ "833829fffffffff", "83382dfffffffff", "833874fffffffff", "83395bfffffffff" ], "centroid_lon": 3.4465865305047396, "centroid_lat": 37.230234937786435, "land_frac": 0.0896 }, "geometry": { "type": "Polygon", "coordinates": [ [ [ 2.729201660168652, 37.450561841260786 ], [ 2.832978501710883, 36.820934248079347 ], [ 3.543589356987786, 36.597898144785987 ], [ 4.160413100444146, 37.005220292546461 ], [ 4.064471344278904, 37.638983116343653 ], [ 3.34377342265473, 37.86130996320906 ], [ 2.729201660168652, 37.450561841260786 ] ] ] } },
{ "type": "Feature", "properties": { "province_id": "83382dfffffffff", "name": "Algeria 3", "country": "Algeria", "neighbors": [ "833828fffffffff", "833829fffffffff", "83382cfffffffff", "83395afffffffff" ], "centroid_lon": 2.1258765920912084, "centroid_lat": 37.037572739899581, "land_frac": 0.0563 }, "geometry": { "type": "Polygon", "coordinates": [ [ [ 1.415368492080114, 37.249496377855941 ], [ 1.526610609647358, 36.624225799763643 ], [ 2.230373572898726, 36.409441787088504 ], [ 2.832978501710883, 36.820934248079347 ], [ 2.729201660168652, 37.450561841260786 ], [ 2.015254649789171, 37.664357630831248 ], [ 1.415368492080114, 37.249496377855941 ] ] ] } },
{ "type": "Feature", "properties": { "province_id": "83382cfffffffff", "name": "Algeria 4", "country": "Algeria", "neighbors": [ "833828fffffffff", "83382dfffffffff", "83382efffffffff" ], "centroid_lon": 0.82683633838797932, "centroid_lat": 36.83276004080588, "land_frac": 0.0706 }, "geometry": { "type": "Polygon", "coordinates": [ [ [ 0.123807357720632, 37.036562006618176 ], [ 0.242137028149066, 36.415853305291691 ], [ 0.938468968040905, 36.209047775031429 ], [ 1.526610609647358, 36.624225799763643 ], [ 1.415368492080114, 37.249496377855941 ], [ 0.708795442301252, 37.455041000125377 ], [ 0.123807357720632, 37.036562006618176 ] ] ] } },
{ "type": "Feature", "properties": { "province_id": "833863fffffffff", "name": "Algeria 5", "country": "Algeria", "neighbors": [ "833844fffffffff", "833845fffffffff", "833862fffffffff", "83386efffffffff" ], "centroid_lon": 8.3302217501786444, "centroid_lat": 36.828375811789662, "land_frac": 0.616 }, "geometry": { "type": "Polygon", "coordinates": [ [ [ 7.601710617903509, 37.084317532462443 ], [ 7.675042258467448, 36.437608958225063 ], [ 8.396968715497028, 36.179528900422568 ], [ 9.054678245207665, 36.567850931999317 ], [ 8.990200048639421, 37.217822025978244 ], [ 8.259080873677011, 37.476241664499156 ], [ 7.601710617903509, 37.084317532462443 ] ] ] } },
{ "type": "Feature", "properties": { "province_id": "833862fffffffff", "name": "Algeria 6", "country": "Algeria", "neighbors": [ "833844fffffffff", "833863fffffffff", "833871fffffffff", "833875fffffffff" ], "centroid_lon": 6.9546377572595262, "centroid_lat": 36.689153081981637, "land_frac": 0.8192 }, "geometry": { "type": "Polygon", "coordinates": [ [ [ 6.230313155102332, 36.936046538772899 ], [ 6.31219391528004, 36.292881329439076 ], [ 7.029881378875395, 36.043675411373094 ], [ 7.675042258467448, 36.437608958225063 ], [ 7.601710617903509, 37.084317532462443 ], [ 6.874585312662044, 37.333578893009438 ], [ 6.230313155102332, 36.936046538772899 ] ] ] } },
{ "type": "Feature", "properties": { "province_id": "833875fffffffff", "name": "Algeria 7", "country": "Algeria", "neighbors": [ "833862fffffffff", "833870fffffffff", "833871fffffffff", "833874fffffffff", "83395bfffffffff" ], "centroid_lon": 5.5966048366859571, "centroid_lat": 36.535631168765377, "land_frac": 0.7505 }, "geometry": { "type": "Polygon", "coordinates": [ [ [ 4.877235004794167, 36.773674200037227 ], [ 4.967341366069688, 36.134317556309028 ], [ 5.680045137063455, 35.893793689540999 ], [ 6.31219391528004, 36.292881329439076 ], [ 6.230313155102332, 36.936046538772899 ], [ 5.507969569355876, 37.176341700435167 ], [ 4.877235004794167, 36.773674200037227 ] ] ] } },
{ "type": "Feature", "properties": { "province_id": "833874fffffffff", "name": "Algeria 8", "country": "Algeria", "neighbors": [ "833829fffffffff", "833870fffffffff", "833875fffffffff", "833876fffffffff", "83395afffffffff", "83395bfffffffff" ], "centroid_lon": 4.2572844192334935, "centroid_lat": 36.368483823005533, "land_frac": 0.9792 }, "geometry": { "type": "Polygon", "coordinates": [ [ [ 3.543589356987786, 36.597898144785987 ], [ 3.641581893044889, 35.962599022054654 ], [ 4.348604345651554, 35.730542007721432 ], [ 4.967341366069688, 36.134317556309028 ], [ 4.877235004794167, 36.773674200037227 ], [ 4.160413100444146, 37.005220292546461 ], [ 3.543589356987786, 36.597898144785987 ] ] ] } },
{ "type": "Feature", "properties": { "province_id": "833829fffffffff", "name": "Algeria 9", "country": "Algeria", "neighbors": [ "833828fffffffff", "83382bfffffffff", "83382dfffffffff", "833874fffffffff", "833876fffffffff", "83395afffffffff" ], "centroid_lon": 2.937724529661315, "centroid_lat": 36.188413662089616, "land_frac": 0.98 }, "geometry": { "type": "Polygon", "coordinates": [ [ [ 2.230373572898726, 36.409441787088504 ], [ 2.33590020082935, 35.778432470431532 ], [ 3.036593051993793, 35.554606987413138 ], [ 3.641581893044889, 35.962599022054654 ], [ 3.543589356987786, 36.597898144785987 ], [ 2.832978501710883, 36.820934248079347 ], [ 2.230373572898726, 36.409441787088504 ] ] ] } },
{ "type": "Feature", "properties": { "province_id": "833828fffffffff", "name": "Algeria 10", "country": "Algeria", "neighbors": [ "833829fffffffff", "83382afffffffff", "83382bfffffffff", "83382cfffffffff", "83382dfffffffff", "83382efffffffff" ], "centroid_lon": 1.6388588168091514, "centroid_lat": 35.996145631374723, "land_frac": 0.9874 }, "geometry": { "type": "Polygon", "coordinates": [ [ [ 0.938468968040905, 36.209047775031429 ], [ 1.051168111662906, 35.582543622666094 ], [ 1.744933971979078, 35.366697224868041 ], [ 2.33590020082935, 35.778432470431532 ], [ 2.230373572898726, 36.409441787088504 ], [ 1.526610609647358, 36.624225799763643 ], [ 0.938468968040905, 36.209047775031429 ] ] ] } },
{ "type": "Feature", "properties": { "province_id": "83382efffffffff", "name": "Algeria 11", "country": "Algeria", "neighbors": [ "833805fffffffff", "833823fffffffff", "833828fffffffff", "83382afffffffff", "83382cfffffffff" ], "centroid_lon": 0.36140329307889713, "centroid_lat": 35.792600598350859, "land_frac": 0.8165 }, "geometry": { "type": "Polygon", "coordinates": [ [ [ -0.330814989732443, 36.003413733484685 ], [ -0.211854448336949, 35.375671015633827 ], [ 0.474438793405736, 35.167537089545192 ], [ 1.051168111662906, 35.582543622666094 ], [ 0.938468968040905, 36.209047775031429 ], [ 0.242137028149066, 36.415853305291691 ], [ -0.04569564929078, 36.206771989465963 ], [ -0.330814989732443, 36.003413733484685 ] ] ] } },
{ "type": "Feature", "properties": { "province_id": "833844fffffffff", "name": "Algeria 12", "country": "Algeria", "neighbors": [ "833840fffffffff", "833845fffffffff", "833846fffffffff", "833862fffffffff", "833863fffffffff", "833871fffffffff" ], "centroid_lon": 7.7491983889058984, "centroid_lat": 35.788085691451329, "land_frac": 1.0 }, "geometry": { "type": "Polygon", "coordinates": [ [ [ 7.029881378875395, 36.043675411373094 ], [ 7.106007500234938, 35.395381809831925 ], [ 7.818824614940878, 35.137556021979698 ], [ 8.46454693405048, 35.527800235317116 ], [ 8.396968715497028, 36.179528900422568 ], [ 7.675042258467448, 36.437608958225063 ], [ 7.029881378875395, 36.043675411373094 ] ] ] } },
{ "type": "Feature", "properties": { "province_id": "833871fffffffff", "name": "Algeria 13", "country": "Algeria", "neighbors": [ "833844fffffffff", "833846fffffffff", "833862fffffffff", "833870fffffffff", "833873fffffffff", "833875fffffffff" ], "centroid_lon": 6.3949461317926639, "centroid_lat": 35.646967611722559, "land_frac": 1.0 }, "geometry": { "type": "Polygon", "coordinates": [ [ [ 5.680045137063455, 35.893793689540999 ], [ 5.76441607843191, 35.249210205865012 ], [ 6.472774074268188, 34.999977027337778 ], [ 7.106007500234938, 35.395381809831925 ], [ 7.029881378875395, 36.043675411373094 ], [ 6.31219391528004, 36.292881329439076 ], [ 5.680045137063455, 35.893793689540999 ] ] ] } },
{ "type": "Feature", "properties": { "province_id": "833823fffffffff", "name": "Algeria 14", "country": "Algeria", "neighbors": [ "833804fffffffff", "833805fffffffff", "833820fffffffff", "833822fffffffff", "83382efffffffff" ], "centroid_lon": -0.90128911205491347, "centroid_lat": 35.593186219114585, "land_frac": 0.5432 }, "geometry": { "type": "Polygon", "coordinates": [ [ [ -1.02495216236542, 36.22250972588774 ], [ -1.595264915917635, 35.807808474085242 ], [ -1.46472896670198, 35.177433151372227 ], [ -0.775457583932286, 34.964353949854079 ], [ -0.211854448336961, 35.375671015633827 ], [ -0.330814989732443, 36.003413733484685 ], [ -1.02495216236542, 36.22250972588774 ] ] ] } },
{ "type": "Feature", "properties": { "province_id": "833870fffffffff", "name": "Algeria 15", "country": "Algeria", "neighbors": [ "833871fffffffff", "833872fffffffff", "833873fffffffff", "833874fffffffff", "833875fffffffff", "833876fffffffff" ], "centroid_lon": 5.0583633691017473, "centroid_lat": 35.492282357605681, "land_frac": 1.0 }, "geometry": { "type": "Polygon", "coordinates": [ [ [ 4.348604345651554, 35.730542007721432 ], [ 4.440899908308658, 35.089927698265441 ], [ 5.144095209191385, 34.849096119887975 ], [ 5.76441607843191, 35.249210205865012 ], [ 5.680045137063455, 35.893793689540999 ], [ 4.967341366069688, 36.134317556309028 ], [ 4.348604345651554, 35.730542007721432 ] ] ] } },
{ "type": "Feature", "properties": { "province_id": "833876fffffffff", "name": "Algeria 16", "country": "Algeria", "neighbors": [ "83380dfffffffff", "833829fffffffff", "83382bfffffffff", "833870fffffffff", "833872fffffffff", "833874fffffffff" ], "centroid_lon": 3.7405314438092443, "centroid_lat": 35.324694563128695, "land_frac": 1.0 }, "geometry": { "type": "Polygon", "coordinates": [ [ [ 3.036593051993793, 35.554606987413138 ], [ 3.136479033891585, 34.91820439114921 ], [ 3.833854189408391, 34.68556212563869 ], [ 4.440899908308658, 35.089927698265441 ], [ 4.348604345651554, 35.730542007721432 ], [ 3.641581893044889, 35.962599022054654 ], [ 3.036593051993793, 35.554606987413138 ] ] ] } },
{ "type": "Feature", "properties": { "province_id": "83382bfffffffff", "name": "Algeria 17", "country": "Algeria", "neighbors": [ "83380cfffffffff", "83380dfffffffff", "833828fffffffff", "833829fffffffff", "83382afffffffff", "833876fffffffff" ], "centroid_lon": 2.4424223816750548, "centroid_lat": 35.144893799064647, "land_frac": 1.0 }, "geometry": { "type": "Polygon", "coordinates": [ [ [ 1.744933971979078, 35.366697224868041 ], [ 1.852065226712054, 34.734732015063813 ], [ 2.543010792010576, 34.510048365242291 ], [ 3.136479033891585, 34.91820439114921 ], [ 3.036593051993793, 35.554606987413138 ], [ 2.33590020082935, 35.778432470431532 ], [ 1.744933971979078, 35.366697224868041 ] ] ] } },
{ "type": "Feature", "properties": { "province_id": "83382afffffffff", "name": "Algeria 18", "country": "Algeria", "neighbors": [ "833801fffffffff", "833805fffffffff", "83380cfffffffff", "833828fffffffff", "83382bfffffffff", "83382efffffffff" ], "centroid_lon": 1.1648984988773596, "centroid_lat": 34.953588364302533, "land_frac": 1.0 }, "geometry": { "type": "Polygon", "coordinates": [ [ [ 0.474438793405736, 35.167537089545192 ], [ 0.588462189075857, 34.540217888189346 ], [ 1.272417941187845, 34.323246605430043 ], [ 1.852065226712054, 34.734732015063813 ], [ 1.744933971979078, 35.366697224868041 ], [ 1.051168111662906, 35.582543622666094 ], [ 0.474438793405736, 35.167537089545192 ] ] ] } },
{ "type": "Feature", "properties": { "province_id": "833805fffffffff", "name": "Algeria 19", "country": "Algeria", "neighbors": [ "833800fffffffff", "833801fffffffff", "833804fffffffff", "833823fffffffff", "83382afffffffff", "83382efffffffff" ], "centroid_lon": -0.0920741711882751, "centroid_lat": 34.752150140801263, "land_frac": 1.0 }, "geometry": { "type": "Polygon", "coordinates": [ [ [ -0.775457583932286, 34.964353949854079 ], [ -0.653945265235769, 34.337003313283979 ], [ -0.428361604536966, 34.26613413965957 ], [ 0.022822452808269, 34.125861212497377 ], [ 0.588462189075857, 34.540217888189346 ], [ 0.474438793405736, 35.167537089545192 ], [ -0.211854448336949, 35.375671015633827 ], [ -0.775457583932286, 34.964353949854079 ] ] ] } },
{ "type": "Feature", "properties": { "province_id": "833846fffffffff", "name": "Algeria 20", "country": "Algeria", "neighbors": [ "833840fffffffff", "833842fffffffff", "833844fffffffff", "833855fffffffff", "833871fffffffff", "833873fffffffff" ], "centroid_lon": 7.1829865662042085, "centroid_lat": 34.744658993213775, "land_frac": 1.0 }, "geometry": { "type": "Polygon", "coordinates": [ [ [ 6.472774074268188, 34.999977027337778 ], [ 6.551513795830658, 34.35055445973989 ], [ 7.255312768011527, 34.092906877914473 ], [ 7.889312371269926, 34.484531928539518 ], [ 7.818824614940878, 35.137556021979698 ], [ 7.106007500234938, 35.395381809831925 ], [ 6.472774074268188, 34.999977027337778 ] ] ] } },
{ "type": "Feature", "properties": { "province_id": "833873fffffffff", "name": "Algeria 21", "country": "Algeria", "neighbors": [ "833846fffffffff", "833854fffffffff", "833855fffffffff", "833870fffffffff", "833871fffffffff", "833872fffffffff" ], "centroid_lon": 5.8496860392887822, "centroid_lat": 34.602259927658928, "land_frac": 1.0 }, "geometry": { "type": "Polygon", "coordinates": [ [ [ 5.144095209191385, 34.849096119887975 ], [ 5.2307858480446, 34.203543862065473 ], [ 5.929928772850313, 33.954210605026383 ], [ 6.551513795830658, 34.35055445973989 ], [ 6.472774074268188, 34.999977027337778 ], [ 5.76441607843191, 35.249210205865012 ], [ 5.144095209191385, 34.849096119887975 ] ] ] } },
{ "type": "Feature", "properties": { "province_id": "833804fffffffff", "name": "Algeria 22", "country": "Algeria", "neighbors": [ "833800fffffffff", "833805fffffffff", "833806fffffffff", "833822fffffffff", "833823fffffffff", "833831fffffffff" ], "centroid_lon": -1.3385754028242962, "centroid_lat": 34.548568777490026, "land_frac": 1.0 }, "geometry": { "type": "Polygon", "coordinates": [ [ [ -1.46472896670198, 35.177433151372227 ], [ -2.02758733847525, 34.757090726489182 ], [ -1.894765674755989, 34.127260298321161 ], [ -1.210393634752471, 33.920213681836074 ], [ -0.653945265235769, 34.337003313283979 ], [ -0.775457583932286, 34.964353949854079 ], [ -1.46472896670198, 35.177433151372227 ] ] ] } },
{ "type": "Feature", "properties": { "province_id": "833872fffffffff", "name": "Algeria 23", "country": "Algeria", "neighbors": [ "833809fffffffff", "83380dfffffffff", "833854fffffffff", "833870fffffffff", "833873fffffffff", "833876fffffffff" ], "centroid_lon": 4.5341376578385502, "centroid_lat": 34.447012224510487, "land_frac": 1.0 }, "geometry": { "type": "Polygon", "coordinates": [ [ [ 3.833854189408391, 34.68556212563869 ], [ 3.928179490103159, 34.04413266347121 ], [ 4.622001932112605, 33.802924798463238 ], [ 5.2307858480446, 34.203543862065473 ], [ 5.144095209191385, 34.849096119887975 ], [ 4.440899908308658, 35.089927698265441 ], [ 3.833854189408391, 34.68556212563869 ] ] ] } },
{ "type": "Feature", "properties": { "province_id": "83380dfffffffff", "name": "Algeria 24", "country": "Algeria", "neighbors": [ "833808fffffffff", "833809fffffffff", "83380cfffffffff", "83382bfffffffff", "833872fffffffff", "833876fffffffff" ], "centroid_lon": 3.2373474364213015, "centroid_lat": 34.279568998595806, "land_frac": 1.0 }, "geometry": { "type": "Polygon", "coordinates": [ [ [ 2.543010792010576, 34.510048365242291 ], [ 2.644642233172902, 33.872977446511179 ], [ 3.332524827977814, 33.639686485725157 ], [ 3.928179490103159, 34.04413266347121 ], [ 3.833854189408391, 34.68556212563869 ], [ 3.136479033891585, 34.91820439114921 ], [ 2.543010792010576, 34.510048365242291 ] ] ] } },
{ "type": "Feature", "properties": { "province_id": "83380cfffffffff", "name": "Algeria 25", "country": "Algeria", "neighbors": [ "833801fffffffff", "833808fffffffff", "83380dfffffffff", "83380efffffffff", "83382afffffffff", "83382bfffffffff" ], "centroid_lon": 1.9602161877340585, "centroid_lat": 34.100604647305538, "land_frac": 1.0 }, "geometry": { "type": "Polygon", "coordinates": [ [ [ 1.272417941187845, 34.323246605430043 ], [ 1.381017608622049, 33.690752965752587 ], [ 2.062387596666787, 33.465153608735655 ], [ 2.644642233172902, 33.872977446511179 ], [ 2.543010792010576, 34.510048365242291 ], [ 1.852065226712054, 34.734732015063813 ], [ 1.272417941187845, 34.323246605430043 ] ] ] } },
{ "type": "Feature", "properties": { "province_id": "833801fffffffff", "name": "Algeria 26", "country": "Algeria", "neighbors": [ "833800fffffffff", "833803fffffffff", "833805fffffffff", "83380cfffffffff", "83380efffffffff", "83382afffffffff" ], "centroid_lon": 0.70353962580861051, "centroid_lat": 33.910808979925712, "land_frac": 1.0 }, "geometry": { "type": "Polygon", "coordinates": [ [ [ 0.022822452808269, 34.125861212497377 ], [ 0.138045803332287, 33.498146458028145 ], [ 0.812377952273059, 33.279999308352664 ], [ 1.381017608622049, 33.690752965752587 ], [ 1.272417941187845, 34.323246605430043 ], [ 0.588462189075857, 34.540217888189346 ], [ 0.022822452808269, 34.125861212497377 ] ] ] } },
{ "type": "Feature", "properties": { "province_id": "833800fffffffff", "name": "Algeria 27", "country": "Algeria", "neighbors": [ "833801fffffffff", "833802fffffffff", "833803fffffffff", "833804fffffffff", "833805fffffffff", "833806fffffffff" ], "centroid_lon": -0.53433811260980324, "centroid_lat": 33.711159031975576, "land_frac": 1.0 }, "geometry": { "type": "Polygon", "coordinates": [ [ [ -1.210393634752471, 33.920213681836074 ], [ -1.086481777007532, 33.293682944264376 ], [ -0.63930881897746, 33.155799237040647 ], [ -0.416817697405693, 33.084906434604477 ], [ 0.138045803332287, 33.498146458028145 ], [ 0.022822452808269, 34.125861212497377 ], [ -0.428361604536966, 34.26613413965957 ], [ -0.653945265235769, 34.337003313283979 ], [ -1.210393634752471, 33.920213681836074 ] ] ] } },
{ "type": "Feature", "properties": { "province_id": "833855fffffffff", "name": "Algeria 28", "country": "Algeria", "neighbors": [ "833842fffffffff", "833846fffffffff", "833850fffffffff", "833851fffffffff", "833854fffffffff", "833873fffffffff" ], "centroid_lon": 6.6311333088286641, "centroid_lat": 33.699092773044043, "land_frac": 1.0 }, "geometry": { "type": "Polygon", "coordinates": [ [ [ 5.929928772850313, 33.954210605026383 ], [ 6.011110789192513, 33.304117668094129 ], [ 6.705989602872574, 33.046581542726152 ], [ 7.328529204107206, 33.439052811308841 ], [ 7.255312768011527, 34.092906877914473 ], [ 6.551513795830658, 34.35055445973989 ], [ 5.929928772850313, 33.954210605026383 ] ] ] } },
{ "type": "Feature", "properties": { "province_id": "833854fffffffff", "name": "Algeria 29", "country": "Algeria", "neighbors": [ "833809fffffffff", "833850fffffffff", "833855fffffffff", "833856fffffffff", "833872fffffffff", "833873fffffffff" ], "centroid_lon": 5.3184012619855299, "centroid_lat": 33.556010437295164, "land_frac": 1.0 }, "geometry": { "type": "Polygon", "coordinates": [ [ [ 4.622001932112605, 33.802924798463238 ], [ 4.710851202577055, 33.156855055291942 ], [ 5.400898540838742, 32.907358794787626 ], [ 6.011110789192513, 33.304117668094129 ], [ 5.929928772850313, 33.954210605026383 ], [ 5.2307858480446, 34.203543862065473 ], [ 4.622001932112605, 33.802924798463238 ] ] ] } },
{ "type": "Feature", "properties": { "province_id": "833809fffffffff", "name": "Algeria 30", "country": "Algeria", "neighbors": [ "833808fffffffff", "83380bfffffffff", "83380dfffffffff", "833854fffffffff", "833856fffffffff", "833872fffffffff" ], "centroid_lon": 4.0234715339737726, "centroid_lat": 33.400782658426103, "land_frac": 1.0 }, "geometry": { "type": "Polygon", "coordinates": [ [ [ 3.332524827977814, 33.639686485725157 ], [ 3.428729568329787, 32.997885457109959 ], [ 4.113318206881599, 32.756243111090839 ], [ 4.710851202577055, 33.156855055291942 ], [ 4.622001932112605, 33.802924798463238 ], [ 3.928179490103159, 34.04413266347121 ], [ 3.332524827977814, 33.639686485725157 ] ] ] } },
{ "type": "Feature", "properties": { "province_id": "833808fffffffff", "name": "Algeria 31", "country": "Algeria", "neighbors": [ "833809fffffffff", "83380afffffffff", "83380bfffffffff", "83380cfffffffff", "83380dfffffffff", "83380efffffffff" ], "centroid_lon": 2.7472793512093427, "centroid_lat": 33.234048844819846, "land_frac": 1.0 }, "geometry": { "type": "Polygon", "coordinates": [ [ [ 2.062387596666787, 33.465153608735655 ], [ 2.165625339089439, 32.827849909256578 ], [ 2.844171985982805, 32.593857585720997 ], [ 3.428729568329787, 32.997885457109959 ], [ 3.332524827977814, 33.639686485725157 ], [ 2.644642233172902, 33.872977446511179 ], [ 2.062387596666787, 33.465153608735655 ] ] ] } },
{ "type": "Feature", "properties": { "province_id": "83380efffffffff", "name": "Algeria 32", "country": "Algeria", "neighbors": [ "833801fffffffff", "833803fffffffff", "833808fffffffff", "83380afffffffff", "83380cfffffffff", "83381dfffffffff" ], "centroid_lon": 1.4906588470154936, "centroid_lat": 33.056466309977246, "land_frac": 1.0 }, "geometry": { "type": "Polygon", "coordinates": [ [ [ 0.812377952273059, 33.279999308352664 ], [ 0.922318239712279, 32.64740444391726 ], [ 1.59428476263326, 32.420842921699155 ], [ 2.165625339089439, 32.827849909256578 ], [ 2.062387596666787, 33.465153608735655 ], [ 1.381017608622049, 33.690752965752587 ], [ 0.812377952273059, 33.279999308352664 ] ] ] } },
{ "type": "Feature", "properties": { "province_id": "833803fffffffff", "name": "Algeria 33", "country": "Algeria", "neighbors": [ "833800fffffffff", "833801fffffffff", "833802fffffffff", "83380efffffffff", "83381cfffffffff", "83381dfffffffff" ], "centroid_lon": 0.25434358741917185, "centroid_lat": 32.868704744302178, "land_frac": 1.0 }, "geometry": { "type": "Polygon", "coordinates": [ [ [ -0.416817697405693, 33.084906434604477 ], [ -0.300510732740609, 32.457214750525431 ], [ 0.364383358510273, 32.237852052728734 ], [ 0.922318239712279, 32.64740444391726 ], [ 0.812377952273059, 33.279999308352664 ], [ 0.138045803332287, 33.498146458028145 ], [ -0.416817697405693, 33.084906434604477 ] ] ] } },
{ "type": "Feature", "properties": { "province_id": "833851fffffffff", "name": "Algeria 34", "country": "Algeria", "neighbors": [ "833842fffffffff", "833850fffffffff", "833853fffffffff", "833855fffffffff", "83385cfffffffff", "83385efffffffff" ], "centroid_lon": 7.4026037144686025, "centroid_lat": 32.783502297777446, "land_frac": 1.0 }, "geometry": { "type": "Polygon", "coordinates": [ [ [ 6.705989602872574, 33.046581542726152 ], [ 6.781763092304504, 32.392364167544962 ], [ 7.472179456654756, 32.126949083695209 ], [ 8.095374498650648, 32.515452126346709 ], [ 8.027570156679898, 33.173311423144405 ], [ 7.328529204107206, 33.439052811308841 ], [ 6.705989602872574, 33.046581542726152 ] ] ] } },
{ "type": "Feature", "properties": { "province_id": "833802fffffffff", "name": "Algeria 35", "country": "Algeria", "neighbors": [ "833800fffffffff", "833803fffffffff", "833806fffffffff", "833811fffffffff", "833815fffffffff", "83381cfffffffff" ], "centroid_lon": -0.96599385599877063, "centroid_lat": 32.668661549856111, "land_frac": 1.0 }, "geometry": { "type": "Polygon", "coordinates": [ [ [ -1.086481777007532, 33.293682944264376 ], [ -1.635889031021364, 32.871838807372981 ], [ -1.509722662018342, 32.246557351859778 ], [ -0.844902042123743, 32.045545008830693 ], [ -0.300510732740609, 32.457214750525431 ], [ -0.416817697405693, 33.084906434604477 ], [ -0.639308818977479, 33.155799237040668 ], [ -1.086481777007532, 33.293682944264376 ] ] ] } },
{ "type": "Feature", "properties": { "province_id": "833850fffffffff", "name": "Algeria 36", "country": "Algeria", "neighbors": [ "833851fffffffff", "833852fffffffff", "833853fffffffff", "833854fffffffff", "833855fffffffff", "833856fffffffff" ], "centroid_lon": 6.0931976784175168, "centroid_lat": 32.652378537583907, "land_frac": 1.0 }, "geometry": { "type": "Polygon", "coordinates": [ [ [ 5.400898540838742, 32.907358794787626 ], [ 5.48436068661294, 32.257054552335283 ], [ 6.170423162290397, 31.999572439746792 ], [ 6.781763092304504, 32.392364167544962 ], [ 6.705989602872574, 33.046581542726152 ], [ 6.011110789192513, 33.304117668094129 ], [ 5.400898540838742, 32.907358794787626 ] ] ] } },
{ "type": "Feature", "properties": { "province_id": "833856fffffffff", "name": "Algeria 37", "country": "Algeria", "neighbors": [ "833809fffffffff", "83380bfffffffff", "833850fffffffff", "833852fffffffff", "833854fffffffff", "8338e5fffffffff" ], "centroid_lon": 4.8006490652969314, "centroid_lat": 32.509191934646928, "land_frac": 1.0 }, "geometry": { "type": "Polygon", "coordinates": [ [ [ 4.113318206881599, 32.756243111090839 ], [ 4.204173995672651, 32.110106931395677 ], [ 4.88524947389071, 31.860394567990937 ], [ 5.48436068661294, 32.257054552335283 ], [ 5.400898540838742, 32.907358794787626 ], [ 4.710851202577055, 33.156855055291942 ], [ 4.113318206881599, 32.756243111090839 ] ] ] } },
{ "type": "Feature", "properties": { "province_id": "83380bfffffffff", "name": "Algeria 38", "country": "Algeria", "neighbors": [ "833808fffffffff", "833809fffffffff", "83380afffffffff", "833856fffffffff", "8338e4fffffffff", "8338e5fffffffff" ], "centroid_lon": 3.5259235154638575, "centroid_lat": 32.354546028239362, "land_frac": 1.0 }, "geometry": { "type": "Polygon", "coordinates": [ [ [ 2.844171985982805, 32.593857585720997 ], [ 2.942114547280619, 31.952127666263038 ], [ 3.617611144203706, 31.710002899695265 ], [ 4.204173995672651, 32.110106931395677 ], [ 4.113318206881599, 32.756243111090839 ], [ 3.428729568329787, 32.997885457109959 ], [ 2.844171985982805, 32.593857585720997 ] ] ] } },
{ "type": "Feature", "properties": { "province_id": "83380afffffffff", "name": "Algeria 39", "country": "Algeria", "neighbors": [ "833808fffffffff", "83380bfffffffff", "83380efffffffff", "833819fffffffff", "83381dfffffffff", "8338e4fffffffff" ], "centroid_lon": 2.2698897879199711, "centroid_lat": 32.189064550870924, "land_frac": 1.0 }, "geometry": { "type": "Polygon", "coordinates": [ [ [ 1.59428476263326, 32.420842921699155 ], [ 1.698997981131336, 31.783740439058533 ], [ 2.368366542520365, 31.549004679734185 ], [ 2.942114547280619, 31.952127666263038 ], [ 2.844171985982805, 32.593857585720997 ], [ 2.165625339089439, 32.827849909256578 ], [ 1.59428476263326, 32.420842921699155 ] ] ] } },
{ "type": "Feature", "properties": { "province_id": "83381dfffffffff", "name": "Algeria 40", "country": "Algeria", "neighbors": [ "833803fffffffff", "83380afffffffff", "83380efffffffff", "833818fffffffff", "833819fffffffff", "83381cfffffffff" ], "centroid_lon": 1.0333196232802606, "centroid_lat": 32.013386038408868, "land_frac": 0.9996 }, "geometry": { "type": "Polygon", "coordinates": [ [ [ 0.364383358510273, 32.237852052728734 ], [ 0.475544397308591, 31.605581028837538 ], [ 1.138279455093374, 31.378021729828831 ], [ 1.698997981131336, 31.783740439058533 ], [ 1.59428476263326, 32.420842921699155 ], [ 0.922318239712279, 32.64740444391726 ], [ 0.364383358510273, 32.237852052728734 ] ] ] } },
{ "type": "Feature", "properties": { "province_id": "83385efffffffff", "name": "Algeria 41", "country": "Algeria", "neighbors": [ "833851fffffffff", "833853fffffffff", "833858fffffffff", "83385cfffffffff" ], "centroid_lon": 8.164012844632726, "centroid_lat": 31.85625297171066, "land_frac": 0.6661 }, "geometry": { "type": "Polygon", "coordinates": [ [ [ 7.472179456654756, 32.126949083695209 ], [ 7.542647862517792, 31.469041229575605 ], [ 8.228416691323753, 31.19609515776121 ], [ 8.851978727746133, 31.580541329669426 ], [ 8.789472493007414, 32.241962244671356 ], [ 8.095374498650648, 32.515452126346709 ], [ 7.472179456654756, 32.126949083695209 ] ] ] } },
{ "type": "Feature", "properties": { "province_id": "83381cfffffffff", "name": "Algeria 42", "country": "Algeria", "neighbors": [ "833802fffffffff", "833803fffffffff", "833811fffffffff", "833818fffffffff", "83381dfffffffff", "83381efffffffff" ], "centroid_lon": -0.18311137261271218, "centroid_lat": 31.828158645523729, "land_frac": 0.9844 }, "geometry": { "type": "Polygon", "coordinates": [ [ [ -0.844902042123732, 32.045545008830693 ], [ -0.727620338558733, 31.418292321298548 ], [ -0.071980125818074, 31.19768540842324 ], [ 0.475544397308591, 31.605581028837538 ], [ 0.364383358510273, 32.237852052728734 ], [ -0.300510732740609, 32.457214750525431 ], [ -0.844902042123732, 32.045545008830693 ] ] ] } },
{ "type": "Feature", "properties": { "province_id": "833853fffffffff", "name": "Algeria 43", "country": "Algeria", "neighbors": [ "833850fffffffff", "833851fffffffff", "833852fffffffff", "83385efffffffff" ], "centroid_lon": 6.8584191755118233, "centroid_lat": 31.736849540066537, "land_frac": 0.566 }, "geometry": { "type": "Polygon", "coordinates": [ [ [ 6.170423162290397, 31.999572439746792 ], [ 6.248590917967133, 31.345457510973414 ], [ 6.930471353169848, 31.08031653696543 ], [ 7.542647862517792, 31.469041229575605 ], [ 7.472179456654756, 32.126949083695209 ], [ 6.781763092304504, 32.392364167544962 ], [ 6.170423162290397, 31.999572439746792 ] ] ] } },
{ "type": "Feature", "properties": { "province_id": "833811fffffffff", "name": "Algeria 44", "country": "Algeria", "neighbors": [ "833802fffffffff", "833810fffffffff", "833813fffffffff", "833815fffffffff", "83381cfffffffff", "83381efffffffff" ], "centroid_lon": -1.3875860415418648, "centroid_lat": 31.62361767690426, "land_frac": 0.9432 }, "geometry": { "type": "Polygon", "coordinates": [ [ [ -1.509722662018342, 32.246557351859778 ], [ -2.052202411581558, 31.820086673066967 ], [ -1.923919659612126, 31.19648361675296 ], [ -1.263668572189804, 31.001606522507089 ], [ -0.995701768365826, 31.213434485455817 ], [ -0.727620338558733, 31.418292321298548 ], [ -0.844902042123743, 32.045545008830693 ], [ -1.509722662018342, 32.246557351859778 ] ] ] } },
{ "type": "Feature", "properties": { "province_id": "833852fffffffff", "name": "Algeria 45", "country": "Algeria", "neighbors": [ "833850fffffffff", "833853fffffffff", "833856fffffffff", "8338e5fffffffff" ], "centroid_lon": 5.5687508922028162, "centroid_lat": 31.605498071645471, "land_frac": 0.4689 }, "geometry": { "type": "Polygon", "coordinates": [ [ [ 4.88524947389071, 31.860394567990937 ], [ 4.970838297529808, 31.210336477150076 ], [ 5.648193230269613, 30.952860157435506 ], [ 6.248590917967133, 31.345457510973414 ], [ 6.170423162290397, 31.999572439746792 ], [ 5.48436068661294, 32.257054552335283 ], [ 4.88524947389071, 31.860394567990937 ] ] ] } },
{ "type": "Feature", "properties": { "province_id": "8338e5fffffffff", "name": "Algeria 46", "country": "Algeria", "neighbors": [ "83380bfffffffff", "833852fffffffff", "833856fffffffff", "8338e4fffffffff" ], "centroid_lon": 4.2960001520652451, "centroid_lat": 31.462765571493687, "land_frac": 0.3745 }, "geometry": { "type": "Polygon", "coordinates": [ [ [ 3.617611144203706, 31.710002899695265 ], [ 3.710329839836399, 31.06424906851548 ], [ 4.382560663227214, 30.814277187714257 ], [ 4.970838297529808, 31.210336477150076 ], [ 4.88524947389071, 31.860394567990937 ], [ 4.204173995672651, 32.110106931395677 ], [ 3.617611144203706, 31.710002899695265 ] ] ] } },
{ "type": "Feature", "properties": { "province_id": "833810fffffffff", "name": "Algeria 47", "country": "Algeria", "neighbors": [ "833811fffffffff", "833813fffffffff", "833814fffffffff", "833815fffffffff", "833816fffffffff" ], "centroid_lon": -2.5939601580702103, "centroid_lat": 31.390170473032114, "land_frac": 0.8564 }, "geometry": { "type": "Polygon", "coordinates": [ [ [ -2.726703637528889, 32.015056682204133 ], [ -3.267954004215798, 31.58035736053548 ], [ -3.129127905032656, 30.954766966842154 ], [ -2.4595852532397, 30.765822569080957 ], [ -1.923919659612126, 31.19648361675296 ], [ -2.052202411581558, 31.820086673066967 ], [ -2.726703637528889, 32.015056682204133 ] ] ] } },
{ "type": "Feature", "properties": { "province_id": "8338e4fffffffff", "name": "Algeria 48", "country": "Algeria", "neighbors": [ "83380afffffffff", "83380bfffffffff", "833819fffffffff", "8338e5fffffffff" ], "centroid_lon": 3.0410666086402869, "centroid_lat": 31.309241306420859, "land_frac": 0.283 }, "geometry": { "type": "Polygon", "coordinates": [ [ [ 2.368366542520365, 31.549004679734185 ], [ 2.467913519682743, 30.907785664786129 ], [ 3.13446188295134, 30.665140595451291 ], [ 3.710329839836399, 31.06424906851548 ], [ 3.617611144203706, 31.710002899695265 ], [ 2.942114547280619, 31.952127666263038 ], [ 2.368366542520365, 31.549004679734185 ] ] ] } },
{ "type": "Feature", "properties": { "province_id": "833819fffffffff", "name": "Algeria 49", "country": "Algeria", "neighbors": [ "83380afffffffff", "833818fffffffff", "83381dfffffffff", "8338e4fffffffff" ], "centroid_lon": 1.8047566565342523, "centroid_lat": 31.145531582366434, "land_frac": 0.1943 }, "geometry": { "type": "Polygon", "coordinates": [ [ [ 1.138279455093374, 31.378021729828831 ], [ 1.244345184700701, 30.741551005891516 ], [ 1.904694217091574, 30.506040080068971 ], [ 2.467913519682743, 30.907785664786129 ], [ 2.368366542520365, 31.549004679734185 ], [ 1.698997981131336, 31.783740439058533 ], [ 1.138279455093374, 31.378021729828831 ] ] ] } },
{ "type": "Feature", "properties": { "province_id": "833816fffffffff", "name": "Algeria 50", "country": "Algeria", "neighbors": [ "833810fffffffff", "833814fffffffff", "833989fffffffff", "83398bfffffffff" ], "centroid_lon": -3.8081619152081791, "centroid_lat": 31.142364485616081, "land_frac": 0.7495 }, "geometry": { "type": "Polygon", "coordinates": [ [ [ -3.951639971191789, 31.769061236106229 ], [ -4.491140522569427, 31.326235178801944 ], [ -4.341769247156944, 30.698974127789072 ], [ -3.663424902454695, 30.516167532335214 ], [ -3.129127905032656, 30.954766966842154 ], [ -3.267954004215798, 31.58035736053548 ], [ -3.951639971191789, 31.769061236106229 ] ] ] } },
{ "type": "Feature", "properties": { "province_id": "833818fffffffff", "name": "Algeria 51", "country": "Algeria", "neighbors": [ "833819fffffffff", "83381cfffffffff", "83381dfffffffff", "83381efffffffff" ], "centroid_lon": 0.58778368999480068, "centroid_lat": 30.972254679401086, "land_frac": 0.1149 }, "geometry": { "type": "Polygon", "coordinates": [ [ [ -0.071980125818074, 31.19768540842324 ], [ 0.040289248523792, 30.566159300276947 ], [ 0.693964277556045, 30.337577155687065 ], [ 1.244345184700701, 30.741551005891516 ], [ 1.138279455093374, 31.378021729828831 ], [ 0.475544397308591, 31.605581028837538 ], [ -0.071980125818074, 31.19768540842324 ] ] ] } },
{ "type": "Feature", "properties": { "province_id": "83381efffffffff", "name": "Algeria 52", "country": "Algeria", "neighbors": [ "833811fffffffff", "833813fffffffff", "833818fffffffff", "83381cfffffffff" ], "centroid_lon": -0.60939249542249108, "centroid_lat": 30.789855905485826, "land_frac": 0.0554 }, "geometry": { "type": "Polygon", "coordinates": [ [ [ -1.263668572189804, 31.001606522507089 ], [ -1.143679751290394, 30.382229579202342 ], [ -0.497110954449958, 30.160360447037366 ], [ 0.040289248523792, 30.566159300276947 ], [ -0.071980125818074, 31.19768540842324 ], [ -0.727620338558733, 31.418292321298548 ], [ -0.995701768365819, 31.213434485455817 ], [ -1.263668572189804, 31.001606522507089 ] ] ] } },
{ "type": "Feature", "properties": { "province_id": "833813fffffffff", "name": "Algeria 53", "country": "Algeria", "neighbors": [ "833810fffffffff", "833811fffffffff", "83381efffffffff" ], "centroid_lon": -1.7997197652690968, "centroid_lat": 30.5757394754934, "land_frac": 0.0109 }, "geometry": { "type": "Polygon", "coordinates": [ [ [ -1.923919659612126, 31.19648361675296 ], [ -2.4595852532397, 30.765822569080957 ], [ -2.32931764865303, 30.144324907282108 ], [ -1.673659134268278, 29.955569298367255 ], [ -1.143679751290398, 30.382229579202342 ], [ -1.263668572189804, 31.001606522507089 ], [ -1.923919659612126, 31.19648361675296 ] ] ] } },
{ "type": "Feature", "properties": { "province_id": "831f88fffffffff", "name": "Austria 1", "country": "Austria", "neighbors": [ "831f8afffffffff", "831f8bfffffffff", "831f8efffffffff" ], "centroid_lon": 10.982950918967427, "centroid_lat": 47.49271706618724, "land_frac": 0.9292 }, "geometry": { "type": "Polygon", "coordinates": [ [ [ 10.153180355572067, 47.724094831860597 ], [ 10.217491094939923, 47.127717016772692 ], [ 11.039404366150022, 46.894874154158224 ], [ 11.807909704591646, 47.257480545419014 ], [ 11.755563503449469, 47.855946590652614 ], [ 10.922653697845128, 48.089768679389124 ], [ 10.153180355572067, 47.724094831860597 ] ] ] } },
{ "type": "Feature", "properties": { "province_id": "831e10fffffffff", "name": "Austria 2", "country": "Austria", "neighbors": [ "831e11fffffffff", "831e12fffffffff", "831e13fffffffff", "831e16fffffffff" ], "centroid_lon": 15.062603043766195, "centroid_lat": 46.843632279433301, "land_frac": 1.0 }, "geometry": { "type": "Polygon", "coordinates": [ [ [ 14.239653649155688, 47.10929660681753 ], [ 14.272671491943196, 46.501617382054377 ], [ 15.088333069960443, 46.234908979841627 ], [ 15.880209464652415, 46.574303621623756 ], [ 15.859593860573156, 47.183358644913341 ], [ 15.034643747207877, 47.451699077226984 ], [ 14.239653649155688, 47.10929660681753 ] ] ] } },
{ "type": "Feature", "properties": { "province_id": "831e16fffffffff", "name": "Austria 3", "country": "Austria", "neighbors": [ "831e10fffffffff", "831e12fffffffff", "831ea5fffffffff", "831f8bfffffffff" ], "centroid_lon": 13.454968113006874, "centroid_lat": 46.759164420123668, "land_frac": 1.0 }, "geometry": { "type": "Polygon", "coordinates": [ [ [ 12.632138622456827, 47.012951127320562 ], [ 12.677317810359858, 46.406957457982287 ], [ 13.492666534684036, 46.151948352964531 ], [ 14.272671491943196, 46.501617382054377 ], [ 14.239653649155688, 47.10929660681753 ], [ 13.414399175866491, 47.365674959006405 ], [ 12.632138622456827, 47.012951127320562 ] ] ] } },
{ "type": "Feature", "properties": { "province_id": "831eadfffffffff", "name": "Bosnia and Herz. 1", "country": "Bosnia and Herz.", "neighbors": [ "831e13fffffffff", "831e1afffffffff", "831e1efffffffff", "831ea8fffffffff", "831ea9fffffffff", "831eacfffffffff" ], "centroid_lon": 16.723358793977443, "centroid_lat": 45.057703969523125, "land_frac": 1.0 }, "geometry": { "type": "Polygon", "coordinates": [ [ [ 15.920498827216573, 45.343301013827158 ], [ 15.940186810720061, 44.721550652781197 ], [ 16.736287335427569, 44.435047232425106 ], [ 17.520868950307854, 44.768523298418529 ], [ 17.513203522099001, 45.391389018911688 ], [ 16.708896543883586, 45.679718949173115 ], [ 15.920498827216573, 45.343301013827158 ] ] ] } },
{ "type": "Feature", "properties": { "province_id": "831ef4fffffffff", "name": "Bosnia and Herz. 2", "country": "Bosnia and Herz.", "neighbors": [ "831e1afffffffff", "831e1bfffffffff", "831ea9fffffffff", "831ef0fffffffff", "831ef5fffffffff", "831ef6fffffffff" ], "centroid_lon": 19.104352662799101, "centroid_lat": 44.164335002755962, "land_frac": 1.0 }, "geometry": { "type": "Polygon", "coordinates": [ [ [ 18.314740441318996, 44.470679588895038 ], [ 18.316310958982765, 43.841343259983823 ], [ 19.09970167185471, 43.53434040134357 ], [ 19.888518842013838, 43.854586368969983 ], [ 19.898852530954745, 44.484560043856433 ], [ 19.108450149681271, 44.793706753413083 ], [ 18.314740441318996, 44.470679588895038 ] ] ] } },
{ "type": "Feature", "properties": { "province_id": "831ea9fffffffff", "name": "Bosnia and Herz. 3", "country": "Bosnia and Herz.", "neighbors": [ "831e1afffffffff", "831ea8fffffffff", "831eabfffffffff", "831eadfffffffff", "831ef4fffffffff", "831ef6fffffffff" ], "centroid_lon": 17.528961971250236, "centroid_lat": 44.139966676878693, "land_frac": 1.0 }, "geometry": { "type": "Polygon", "coordinates": [ [ [ 16.736287335427569, 44.435047232425106 ], [ 16.749675140659306, 43.806686591586633 ], [ 17.535856254422121, 43.510770985244875 ], [ 18.316310958982765, 43.841343259983823 ], [ 18.314740441318996, 44.470679588895038 ], [ 17.520868950307854, 44.768523298418529 ], [ 16.736287335427569, 44.435047232425106 ] ] ] } },
{ "type": "Feature", "properties": { "province_id": "831ef6fffffffff", "name": "Bosnia and Herz. 4", "country": "Bosnia and Herz.", "neighbors": [ "831e8dfffffffff", "831ea9fffffffff", "831eabfffffffff", "831ef0fffffffff", "831ef2fffffffff", "831ef4fffffffff" ], "centroid_lon": 18.318283051163093, "centroid_lat": 43.206563236850656, "land_frac": 0.9915 }, "geometry": { "type": "Polygon", "coordinates": [ [ [ 17.535856254422121, 43.510770985244875 ], [ 17.543183224265022, 42.876113730385036 ], [ 18.319382308787176, 42.571143848068708 ], [ 19.095424910188406, 42.898853181594596 ], [ 19.09970167185471, 43.53434040134357 ], [ 18.316310958982765, 43.841343259983823 ], [ 17.535856254422121, 43.510770985244875 ] ] ] } },
{ "type": "Feature", "properties": { "province_id": "831ee8fffffffff", "name": "Bulgaria 1", "country": "Bulgaria", "neighbors": [ "831ee9fffffffff", "831eeafffffffff", "831eebfffffffff", "831eecfffffffff", "831eedfffffffff", "831eeefffffffff" ], "centroid_lon": 26.999822275804263, "centroid_lat": 43.959814942296603, "land_frac": 1.0 }, "geometry": { "type": "Polygon", "coordinates": [ [ [ 26.243563047294529, 44.320374208651181 ], [ 26.18582434195379, 43.691271656381637 ], [ 26.937637219416949, 43.330851848224079 ], [ 27.750428146581797, 43.596704933522481 ], [ 27.819697017863483, 44.224742811988442 ], [ 27.064701581782661, 44.588046390303454 ], [ 26.243563047294529, 44.320374208651181 ] ] ] } },
{ "type": "Feature", "properties": { "province_id": "831ee9fffffffff", "name": "Bulgaria 2", "country": "Bulgaria", "neighbors": [ "831ee8fffffffff", "831eebfffffffff", "831eedfffffffff" ], "centroid_lon": 28.5659084177504, "centroid_lat": 43.854109984999447, "land_frac": 0.1027 }, "geometry": { "type": "Polygon", "coordinates": [ [ [ 27.819697017863483, 44.224742811988442 ], [ 27.750428146581797, 43.596704933522481 ], [ 28.492612359938843, 43.226347464847663 ], [ 29.306513714445906, 43.481121525921893 ], [ 29.387082408127057, 44.107766091235696 ], [ 28.642519518175899, 44.481082179628913 ], [ 27.819697017863483, 44.224742811988442 ] ] ] } },
{ "type": "Feature", "properties": { "province_id": "831ec4fffffffff", "name": "Bulgaria 3", "country": "Bulgaria", "neighbors": [ "831ec0fffffffff", "831ec5fffffffff", "831ec6fffffffff", "831ee2fffffffff", "831ee3fffffffff", "831ef1fffffffff" ], "centroid_lon": 23.006278932963781, "centroid_lat": 43.180490893898828, "land_frac": 1.0 }, "geometry": { "type": "Polygon", "coordinates": [ [ [ 22.238176563447507, 43.51731064052877 ], [ 22.210568922965376, 42.881198647396033 ], [ 22.973374810779067, 42.544130941062164 ], [ 23.768881682474447, 42.84064287324064 ], [ 23.808112492533443, 43.476546770100903 ], [ 23.040233926330874, 43.816202655779577 ], [ 22.238176563447507, 43.51731064052877 ] ] ] } },
{ "type": "Feature", "properties": { "province_id": "831ec5fffffffff", "name": "Bulgaria 4", "country": "Bulgaria", "neighbors": [ "831ec0fffffffff", "831ec1fffffffff", "831ec4fffffffff", "831ee3fffffffff", "831eeafffffffff", "831eeefffffffff" ], "centroid_lon": 24.56912514990816, "centroid_lat": 43.129192953132574, "land_frac": 1.0 }, "geometry": { "type": "Polygon", "coordinates": [ [ [ 23.808112492533443, 43.476546770100903 ], [ 23.768881682474447, 42.84064287324064 ], [ 24.52495944859271, 42.493200275517765 ], [ 25.324619029886225, 42.778988637234512 ], [ 25.37537573802544, 43.414338850252442 ], [ 24.614981371586776, 43.764509541821255 ], [ 23.808112492533443, 43.476546770100903 ] ] ] } },
{ "type": "Feature", "properties": { "province_id": "831eeafffffffff", "name": "Bulgaria 5", "country": "Bulgaria", "neighbors": [ "831ec1fffffffff", "831ec5fffffffff", "831eccfffffffff", "831ee8fffffffff", "831eebfffffffff", "831eeefffffffff" ], "centroid_lon": 26.128193871219143, "centroid_lat": 43.0567004152377, "land_frac": 1.0 }, "geometry": { "type": "Polygon", "coordinates": [ [ [ 25.37537573802544, 43.414338850252442 ], [ 25.324619029886225, 42.778988637234512 ], [ 26.072885089723211, 42.421412954963053 ], [ 26.875502382456364, 42.696397379182613 ], [ 26.937637219416949, 43.330851848224079 ], [ 26.18582434195379, 43.691271656381637 ], [ 25.37537573802544, 43.414338850252442 ] ] ] } },
{ "type": "Feature", "properties": { "province_id": "831eebfffffffff", "name": "Bulgaria 6", "country": "Bulgaria", "neighbors": [ "831eccfffffffff", "831ecdfffffffff", "831ee8fffffffff", "831ee9fffffffff", "831eeafffffffff" ], "centroid_lon": 27.681202246902576, "centroid_lat": 42.963224510439112, "land_frac": 0.6282 }, "geometry": { "type": "Polygon", "coordinates": [ [ [ 26.937637219416949, 43.330851848224079 ], [ 26.875502382456364, 42.696397379182613 ], [ 27.614916288752958, 42.328975926242975 ], [ 28.419295722433173, 42.593125361128237 ], [ 28.492612359938843, 43.226347464847663 ], [ 27.750428146581797, 43.596704933522481 ], [ 26.937637219416949, 43.330851848224079 ] ] ] } },
{ "type": "Feature", "properties": { "province_id": "831ec0fffffffff", "name": "Bulgaria 7", "country": "Bulgaria", "neighbors": [ "831ec1fffffffff", "831ec2fffffffff", "831ec3fffffffff", "831ec4fffffffff", "831ec5fffffffff", "831ec6fffffffff" ], "centroid_lon": 23.7298425028049, "centroid_lat": 42.199534162838674, "land_frac": 1.0 }, "geometry": { "type": "Polygon", "coordinates": [ [ [ 22.973374810779067, 42.544130941062164 ], [ 22.940680678735852, 41.902527991020243 ], [ 23.692137376704537, 41.557755212426819 ], [ 24.480935452451483, 41.851970212376735 ], [ 24.52495944859271, 42.493200275517765 ], [ 23.768881682474447, 42.84064287324064 ], [ 22.973374810779067, 42.544130941062164 ] ] ] } },
{ "type": "Feature", "properties": { "province_id": "831ec1fffffffff", "name": "Bulgaria 8", "country": "Bulgaria", "neighbors": [ "831ec0fffffffff", "831ec3fffffffff", "831ec5fffffffff", "831eccfffffffff", "831ecefffffffff", "831eeafffffffff" ], "centroid_lon": 25.273989602096727, "centroid_lat": 42.138444136302915, "land_frac": 1.0 }, "geometry": { "type": "Polygon", "coordinates": [ [ [ 24.52495944859271, 42.493200275517765 ], [ 24.480935452451483, 41.851970212376735 ], [ 25.225318626458733, 41.497195851593212 ], [ 26.017647834469528, 41.780904006816037 ], [ 26.072885089723211, 42.421412954963053 ], [ 25.324619029886225, 42.778988637234512 ], [ 24.52495944859271, 42.493200275517765 ] ] ] } },
{ "type": "Feature", "properties": { "province_id": "831eccfffffffff", "name": "Bulgaria 9", "country": "Bulgaria", "neighbors": [ "831ec1fffffffff", "831ec8fffffffff", "831ecdfffffffff", "831ecefffffffff", "831eeafffffffff", "831eebfffffffff" ], "centroid_lon": 26.813428446967233, "centroid_lat": 42.05676923622692, "land_frac": 1.0 }, "geometry": { "type": "Polygon", "coordinates": [ [ [ 26.072885089723211, 42.421412954963053 ], [ 26.017647834469528, 41.780904006816037 ], [ 26.753927136960183, 41.416392001077334 ], [ 27.548629928750927, 41.689531942737496 ], [ 27.614916288752958, 42.328975926242975 ], [ 26.875502382456364, 42.696397379182613 ], [ 26.072885089723211, 42.421412954963053 ] ] ] } },
{ "type": "Feature", "properties": { "province_id": "831e13fffffffff", "name": "Croatia 1", "country": "Croatia", "neighbors": [ "831e10fffffffff", "831e11fffffffff", "831e12fffffffff", "831e1efffffffff", "831eacfffffffff", "831eadfffffffff" ], "centroid_lon": 15.901292826480725, "centroid_lat": 45.959126086884154, "land_frac": 1.0 }, "geometry": { "type": "Polygon", "coordinates": [ [ [ 15.088333069960443, 46.234908979841627 ], [ 15.114563609957139, 45.62005996743882 ], [ 15.920498827216573, 45.343301013827158 ], [ 16.708896543883586, 45.679718949173115 ], [ 16.694884065380005, 46.295816738581131 ], [ 15.880209464652415, 46.574303621623756 ], [ 15.088333069960443, 46.234908979841627 ] ] ] } },
{ "type": "Feature", "properties": { "province_id": "831e1afffffffff", "name": "Croatia 2", "country": "Croatia", "neighbors": [ "831e18fffffffff", "831e1bfffffffff", "831e1efffffffff", "831ea9fffffffff", "831eadfffffffff", "831ef4fffffffff" ], "centroid_lon": 18.313574608448633, "centroid_lat": 45.094274798802473, "land_frac": 1.0 }, "geometry": { "type": "Polygon", "coordinates": [ [ [ 17.513203522099001, 45.391389018911688 ], [ 17.520868950307854, 44.768523298418529 ], [ 18.314740441318996, 44.470679588895038 ], [ 19.108450149681271, 44.793706753413083 ], [ 19.112924850722514, 45.417355910298653 ], [ 18.311527044863865, 45.717251336688747 ], [ 17.513203522099001, 45.391389018911688 ] ] ] } },
{ "type": "Feature", "properties": { "province_id": "831eacfffffffff", "name": "Croatia 3", "country": "Croatia", "neighbors": [ "831e12fffffffff", "831e13fffffffff", "831ea1fffffffff", "831ea8fffffffff", "831eadfffffffff", "831eaefffffffff" ], "centroid_lon": 15.141288398903924, "centroid_lat": 44.999341678613824, "land_frac": 0.8112 }, "geometry": { "type": "Polygon", "coordinates": [ [ [ 14.337206282444622, 45.273432225834704 ], [ 14.368745761544856, 44.653122982145817 ], [ 15.165842521296915, 44.377946417869431 ], [ 15.940186810720061, 44.721550652781197 ], [ 15.920498827216573, 45.343301013827158 ], [ 15.114563609957139, 45.62005996743882 ], [ 14.337206282444622, 45.273432225834704 ] ] ] } },
{ "type": "Feature", "properties": { "province_id": "831ea1fffffffff", "name": "Croatia 4", "country": "Croatia", "neighbors": [ "831e12fffffffff", "831ea0fffffffff", "831ea3fffffffff", "831ea5fffffffff", "831eacfffffffff", "831eaefffffffff" ], "centroid_lon": 13.569690964843289, "centroid_lat": 44.919572217304953, "land_frac": 0.207 }, "geometry": { "type": "Polygon", "coordinates": [ [ [ 12.765635848032405, 45.182217359989032 ], [ 12.808805081104872, 44.563667028991937 ], [ 13.60568353944956, 44.299754694765888 ], [ 14.368745761544856, 44.653122982145817 ], [ 14.337206282444622, 45.273432225834704 ], [ 13.530910145820807, 45.538666100659931 ], [ 12.765635848032405, 45.182217359989032 ] ] ] } },
{ "type": "Feature", "properties": { "province_id": "831ea8fffffffff", "name": "Croatia 5", "country": "Croatia", "neighbors": [ "831ea9fffffffff", "831eabfffffffff", "831eacfffffffff", "831eadfffffffff", "831eaefffffffff" ], "centroid_lon": 15.960350864525305, "centroid_lat": 44.094151155112463, "land_frac": 0.8467 }, "geometry": { "type": "Polygon", "coordinates": [ [ [ 15.165842521296915, 44.377946417869431 ], [ 15.190908499790314, 43.750894515116748 ], [ 15.978683358398419, 43.466084231585292 ], [ 16.749675140659306, 43.806686591586633 ], [ 16.736287335427569, 44.435047232425106 ], [ 15.940186810720061, 44.721550652781197 ], [ 15.165842521296915, 44.377946417869431 ] ] ] } },
{ "type": "Feature", "properties": { "province_id": "831eaefffffffff", "name": "Croatia 6", "country": "Croatia", "neighbors": [ "831e85fffffffff", "831ea1fffffffff", "831ea3fffffffff", "831ea8fffffffff", "831eacfffffffff" ], "centroid_lon": 14.400808048245491, "centroid_lat": 44.027216085166017, "land_frac": 0.0175 }, "geometry": { "type": "Polygon", "coordinates": [ [ [ 13.60568353944956, 44.299754694765888 ], [ 13.642238671206664, 43.674337444107124 ], [ 14.430422720918044, 43.400601850602911 ], [ 15.190908499790314, 43.750894515116748 ], [ 15.165842521296915, 44.377946417869431 ], [ 14.368745761544856, 44.653122982145817 ], [ 13.60568353944956, 44.299754694765888 ] ] ] } },
{ "type": "Feature", "properties": { "province_id": "831eabfffffffff", "name": "Croatia 7", "country": "Croatia", "neighbors": [ "831e8cfffffffff", "831e8dfffffffff", "831ea8fffffffff", "831ea9fffffffff", "831ef6fffffffff" ], "centroid_lon": 16.763516847857595, "centroid_lat": 43.172917857667507, "land_frac": 0.3928 }, "geometry": { "type": "Polygon", "coordinates": [ [ [ 15.978683358398419, 43.466084231585292 ], [ 15.997504911293937, 42.832596766968862 ], [ 16.775858250967914, 42.538488176268864 ], [ 17.543183224265022, 42.876113730385036 ], [ 17.535856254422121, 43.510770985244875 ], [ 16.749675140659306, 43.806686591586633 ], [ 15.978683358398419, 43.466084231585292 ] ] ] } },
{ "type": "Feature", "properties": { "province_id": "831e8dfffffffff", "name": "Croatia 8", "country": "Croatia", "neighbors": [ "831e88fffffffff", "831e8cfffffffff", "831eabfffffffff", "831ef2fffffffff", "831ef6fffffffff" ], "centroid_lon": 17.550938265725073, "centroid_lat": 42.236310176407976, "land_frac": 0.0101 }, "geometry": { "type": "Polygon", "coordinates": [ [ [ 16.775858250967914, 42.538488176268864 ], [ 16.788662230091312, 41.898894855224263 ], [ 17.557515976227407, 41.595849177935193 ], [ 18.320884164030812, 41.930526022501077 ], [ 18.319382308787176, 42.571143848068708 ], [ 17.543183224265022, 42.876113730385036 ], [ 16.775858250967914, 42.538488176268864 ] ] ] } },
{ "type": "Feature", "properties": { "province_id": "833f53fffffffff", "name": "Egypt 1", "country": "Egypt", "neighbors": [ "833e2cfffffffff", "833e2dfffffffff", "833f52fffffffff" ], "centroid_lon": 25.991639790447298, "centroid_lat": 32.134782845972367, "land_frac": 0.0273 }, "geometry": { "type": "Polygon", "coordinates": [ [ [ 25.320956036373659, 32.509649398624923 ], [ 25.276093837350619, 31.832262835513006 ], [ 25.94326205630831, 31.457502411306077 ], [ 26.658191980924087, 31.756776177635228 ], [ 26.712089188408548, 32.433116785967215 ], [ 26.042054345123187, 32.81127460270428 ], [ 25.320956036373659, 32.509649398624923 ] ] ] } },
{ "type": "Feature", "properties": { "province_id": "833e2cfffffffff", "name": "Egypt 2", "country": "Egypt", "neighbors": [ "833e21fffffffff", "833e28fffffffff", "833e2dfffffffff", "833e2efffffffff", "833f52fffffffff", "833f53fffffffff" ], "centroid_lon": 25.231234902640271, "centroid_lat": 31.153754771882092, "land_frac": 0.9241 }, "geometry": { "type": "Polygon", "coordinates": [ [ [ 24.563567070509212, 31.525134298050116 ], [ 24.524049933195698, 30.845836043005484 ], [ 25.188115002657248, 30.474477352049643 ], [ 25.894827857683428, 30.779060225731953 ], [ 25.94326205630831, 31.457502411306077 ], [ 25.276093837350619, 31.832262835513006 ], [ 24.563567070509212, 31.525134298050116 ] ] ] } },
{ "type": "Feature", "properties": { "province_id": "833e2dfffffffff", "name": "Egypt 3", "country": "Egypt", "neighbors": [ "833e28fffffffff", "833e29fffffffff", "833e2cfffffffff", "833f53fffffffff", "833f5afffffffff" ], "centroid_lon": 26.604220478015378, "centroid_lat": 31.079328816158107, "land_frac": 0.8882 }, "geometry": { "type": "Polygon", "coordinates": [ [ [ 25.94326205630831, 31.457502411306077 ], [ 25.894827857683428, 30.779060225731953 ], [ 26.552484763187053, 30.401071850136258 ], [ 27.261184451522077, 30.698037245035312 ], [ 27.318422055716201, 31.375255562626712 ], [ 26.658191980924087, 31.756776177635228 ], [ 25.94326205630831, 31.457502411306077 ] ] ] } },
{ "type": "Feature", "properties": { "province_id": "833f5afffffffff", "name": "Egypt 4", "country": "Egypt", "neighbors": [ "833e29fffffffff", "833e2dfffffffff", "833e74fffffffff" ], "centroid_lon": 27.971958337499213, "centroid_lat": 30.990584193170378, "land_frac": 0.3759 }, "geometry": { "type": "Polygon", "coordinates": [ [ [ 27.318422055716201, 31.375255562626712 ], [ 27.261184451522077, 30.698037245035312 ], [ 27.91172984348016, 30.313708747237165 ], [ 28.621596220360416, 30.602995734904159 ], [ 28.687494655350779, 31.278628501576918 ], [ 28.034908850874395, 31.666602054992229 ], [ 27.318422055716201, 31.375255562626712 ] ] ] } },
{ "type": "Feature", "properties": { "province_id": "833e28fffffffff", "name": "Egypt 5", "country": "Egypt", "neighbors": [ "833e29fffffffff", "833e2cfffffffff", "833e2dfffffffff", "833e2efffffffff" ], "centroid_lon": 25.846354401961065, "centroid_lat": 30.099930527799017, "land_frac": 0.2398 }, "geometry": { "type": "Polygon", "coordinates": [ [ [ 25.188115002657248, 30.474477352049643 ], [ 25.144975974293818, 29.794458580956718 ], [ 25.799822044033764, 29.420013162205276 ], [ 26.500648158448499, 29.722087556103997 ], [ 26.552484763187053, 30.401071850136258 ], [ 25.894827857683428, 30.779060225731953 ], [ 25.188115002657248, 30.474477352049643 ] ] ] } },
{ "type": "Feature", "properties": { "province_id": "833e29fffffffff", "name": "Egypt 6", "country": "Egypt", "neighbors": [ "833e28fffffffff", "833e2dfffffffff", "833e74fffffffff", "833f5afffffffff" ], "centroid_lon": 27.203829911751253, "centroid_lat": 30.020146652273436, "land_frac": 0.3824 }, "geometry": { "type": "Polygon", "coordinates": [ [ [ 26.552484763187053, 30.401071850136258 ], [ 26.500648158448499, 29.722087556103997 ], [ 27.148898971017857, 29.341425401907916 ], [ 27.851318615262056, 29.63612381174655 ], [ 27.91172984348016, 30.313708747237165 ], [ 27.261184451522077, 30.698037245035312 ], [ 26.552484763187053, 30.401071850136258 ] ] ] } },
{ "type": "Feature", "properties": { "province_id": "833e74fffffffff", "name": "Egypt 7", "country": "Egypt", "neighbors": [ "833e29fffffffff", "833f5afffffffff" ], "centroid_lon": 28.555503076799692, "centroid_lat": 29.926709465852667, "land_frac": 0.0235 }, "geometry": { "type": "Polygon", "coordinates": [ [ [ 27.91172984348016, 30.313708747237165 ], [ 27.851318615262056, 29.63612381174655 ], [ 28.492304577998553, 29.24954236582272 ], [ 29.195523717084146, 29.536814313678093 ], [ 29.26435939568168, 30.21264188594045 ], [ 28.621596220360416, 30.602995734904159 ], [ 27.91172984348016, 30.313708747237165 ] ] ] } },
{ "type": "Feature", "properties": { "province_id": "831fb3fffffffff", "name": "France 1", "country": "France", "neighbors": [ "831f94fffffffff", "831f95fffffffff", "831fb2fffffffff" ], "centroid_lon": 3.8421732432796092, "centroid_lat": 47.572537942787278, "land_frac": 0.5074 }, "geometry": { "type": "Polygon", "coordinates": [ [ [ 3.02833519056077, 47.748074592253857 ], [ 3.143782665513332, 47.170817270875233 ], [ 3.949465664899894, 46.993079433850426 ], [ 4.652435425239339, 47.393027403288002 ], [ 4.547162110622541, 47.973458439307521 ], [ 3.728605138763672, 48.150803633241672 ], [ 3.02833519056077, 47.748074592253857 ] ] ] } },
{ "type": "Feature", "properties": { "province_id": "831fb2fffffffff", "name": "France 2", "country": "France", "neighbors": [ "83186cfffffffff", "83186dfffffffff", "831f94fffffffff", "831fb3fffffffff" ], "centroid_lon": 2.3485093150603857, "centroid_lat": 47.381371301613072, "land_frac": 0.5844 }, "geometry": { "type": "Polygon", "coordinates": [ [ [ 2.235477955275976, 47.985628122213846 ], [ 1.562643686938378, 47.643379604350542 ], [ 1.682214232670715, 47.030806742441463 ], [ 2.458901717447693, 46.763730505730983 ], [ 3.143782665513332, 47.170817270875233 ], [ 3.02833519056077, 47.748074592253857 ], [ 2.758125917938604, 47.804469184912513 ], [ 2.235477955275976, 47.985628122213846 ] ] ] } },
{ "type": "Feature", "properties": { "province_id": "83186cfffffffff", "name": "France 3", "country": "France", "neighbors": [ "831868fffffffff", "83186dfffffffff", "83186efffffffff", "831fb2fffffffff" ], "centroid_lon": 0.89019437041982385, "centroid_lat": 47.293314447824727, "land_frac": 0.5334 }, "geometry": { "type": "Polygon", "coordinates": [ [ [ 0.764025962386759, 47.907450350426515 ], [ 0.090797417741023, 47.553677204269739 ], [ 0.22625252638657, 46.938131579536666 ], [ 1.01902687400854, 46.679286276082472 ], [ 1.682214232670715, 47.030806742441463 ], [ 1.562643686938378, 47.643379604350542 ], [ 0.764025962386759, 47.907450350426515 ] ] ] } },
{ "type": "Feature", "properties": { "province_id": "83186efffffffff", "name": "France 4", "country": "France", "neighbors": [ "831845fffffffff", "831868fffffffff", "83186afffffffff", "83186cfffffffff" ], "centroid_lon": -0.58149645945409356, "centroid_lat": 47.19202329231382, "land_frac": 0.4777 }, "geometry": { "type": "Polygon", "coordinates": [ [ [ -0.723924201923386, 47.808975993585705 ], [ -1.396608162591277, 47.44351195977147 ], [ -1.245118893807985, 46.825326655809285 ], [ -0.43698687552946, 46.575196853738561 ], [ 0.22625252638657, 46.938131579536666 ], [ 0.090797417741023, 47.553677204269739 ], [ -0.723924201923386, 47.808975993585705 ] ] ] } },
{ "type": "Feature", "properties": { "province_id": "831845fffffffff", "name": "France 5", "country": "France", "neighbors": [ "83186afffffffff", "83186efffffffff" ], "centroid_lon": -2.0677964725555777, "centroid_lat": 47.070126190669562, "land_frac": 0.2115 }, "geometry": { "type": "Polygon", "coordinates": [ [ [ -2.2266131408611, 47.689550135789091 ], [ -2.897786864191826, 47.312263639946458 ], [ -2.730176732275997, 46.691785352981981 ], [ -1.907502327191456, 46.450836138220119 ], [ -1.245118893807985, 46.825326655809285 ], [ -1.396608162591277, 47.44351195977147 ], [ -2.2266131408611, 47.689550135789091 ] ] ] } },
{ "type": "Feature", "properties": { "province_id": "831f82fffffffff", "name": "France 6", "country": "France", "neighbors": [ "831f83fffffffff", "831f91fffffffff", "831f95fffffffff", "831f9cfffffffff" ], "centroid_lon": 6.2815891244227355, "centroid_lat": 47.007493802962742, "land_frac": 1.0 }, "geometry": { "type": "Polygon", "coordinates": [ [ [ 5.465773484188258, 47.204705931997488 ], [ 5.5635628269561, 46.61621430110759 ], [ 6.37133856069232, 46.417016655689096 ], [ 7.093390899761207, 46.806293103797181 ], [ 7.006320917775811, 47.397670262956332 ], [ 6.186354875934989, 47.596926165078251 ], [ 5.465773484188258, 47.204705931997488 ] ] ] } },
{ "type": "Feature", "properties": { "province_id": "831f95fffffffff", "name": "France 7", "country": "France", "neighbors": [ "831f82fffffffff", "831f90fffffffff", "831f91fffffffff", "831f94fffffffff", "831fb3fffffffff" ], "centroid_lon": 4.7583884040606748, "centroid_lat": 46.806650226762336, "land_frac": 1.0 }, "geometry": { "type": "Polygon", "coordinates": [ [ [ 3.949465664899894, 46.993079433850426 ], [ 4.057493950938507, 46.407710756892214 ], [ 4.858384411857144, 46.219130084869455 ], [ 5.5635628269561, 46.61621430110759 ], [ 5.465773484188258, 47.204705931997488 ], [ 4.652435425239339, 47.393027403288002 ], [ 3.949465664899894, 46.993079433850426 ] ] ] } },
{ "type": "Feature", "properties": { "province_id": "831f94fffffffff", "name": "France 8", "country": "France", "neighbors": [ "83186dfffffffff", "831f90fffffffff", "831f95fffffffff", "831f96fffffffff", "831fb2fffffffff", "831fb3fffffffff" ], "centroid_lon": 3.2599418025296192, "centroid_lat": 46.587727458268134, "land_frac": 1.0 }, "geometry": { "type": "Polygon", "coordinates": [ [ [ 2.458901717447721, 46.763730505730976 ], [ 2.576665890631681, 46.181706919426944 ], [ 3.36971187487705, 46.003391810698865 ], [ 4.057493950938507, 46.407710756892214 ], [ 3.949465664899894, 46.993079433850426 ], [ 3.143782665513332, 47.170817270875233 ], [ 2.458901717447721, 46.763730505730976 ] ] ] } },
{ "type": "Feature", "properties": { "province_id": "83186dfffffffff", "name": "France 9", "country": "France", "neighbors": [ "831868fffffffff", "831869fffffffff", "83186cfffffffff", "831f94fffffffff", "831f96fffffffff", "831fb2fffffffff" ], "centroid_lon": 1.7970119107204965, "centroid_lat": 46.416736056019893, "land_frac": 1.0 }, "geometry": { "type": "Polygon", "coordinates": [ [ [ 1.682214232670715, 47.030806742441463 ], [ 1.01902687400854, 46.679286276082472 ], [ 1.142641548640867, 46.06284043212586 ], [ 1.914105249897461, 45.801097074202019 ], [ 2.24032178037072, 45.976638937656709 ], [ 2.576665890631681, 46.181706919426944 ], [ 2.458901717447693, 46.763730505730983 ], [ 1.682214232670715, 47.030806742441463 ] ] ] } },
{ "type": "Feature", "properties": { "province_id": "831868fffffffff", "name": "France 10", "country": "France", "neighbors": [ "831869fffffffff", "83186afffffffff", "83186bfffffffff", "83186cfffffffff", "83186dfffffffff", "83186efffffffff" ], "centroid_lon": 0.35635810650460525, "centroid_lat": 46.32013648697567, "land_frac": 1.0 }, "geometry": { "type": "Polygon", "coordinates": [ [ [ 0.22625252638657, 46.938131579536666 ], [ -0.43698687552946, 46.575196853738561 ], [ -0.297888443681846, 45.955847071347613 ], [ 0.488948021017637, 45.702291077174117 ], [ 1.142641548640867, 46.06284043212586 ], [ 1.01902687400854, 46.679286276082472 ], [ 0.22625252638657, 46.938131579536666 ] ] ] } },
{ "type": "Feature", "properties": { "province_id": "83186afffffffff", "name": "France 11", "country": "France", "neighbors": [ "831845fffffffff", "83184cfffffffff", "831868fffffffff", "83186bfffffffff", "83186efffffffff" ], "centroid_lon": -1.0991754398925067, "centroid_lat": 46.2045871879861, "land_frac": 0.6776 }, "geometry": { "type": "Polygon", "coordinates": [ [ [ -1.245118893807985, 46.825326655809285 ], [ -1.907502327191456, 46.450836138220119 ], [ -1.752798071558826, 45.828917156628108 ], [ -0.951316854793764, 45.584010543795301 ], [ -0.297888443681846, 45.955847071347613 ], [ -0.43698687552946, 46.575196853738561 ], [ -1.245118893807985, 46.825326655809285 ] ] ] } },
{ "type": "Feature", "properties": { "province_id": "831f91fffffffff", "name": "France 12", "country": "France", "neighbors": [ "831f82fffffffff", "831f90fffffffff", "831f93fffffffff", "831f95fffffffff", "831f9cfffffffff", "831f9efffffffff" ], "centroid_lon": 5.6620417154921512, "centroid_lat": 46.021908322958645, "land_frac": 1.0 }, "geometry": { "type": "Polygon", "coordinates": [ [ [ 4.858384411857144, 46.219130084869455 ], [ 4.959125239326749, 45.625827460368882 ], [ 5.754884388026687, 45.426507142220999 ], [ 6.461796324878491, 45.820650213458968 ], [ 6.37133856069232, 46.417016655689096 ], [ 5.5635628269561, 46.61621430110759 ], [ 4.858384411857144, 46.219130084869455 ] ] ] } },
{ "type": "Feature", "properties": { "province_id": "831f90fffffffff", "name": "France 13", "country": "France", "neighbors": [ "831f91fffffffff", "831f92fffffffff", "831f93fffffffff", "831f94fffffffff", "831f95fffffffff", "831f96fffffffff" ], "centroid_lon": 4.1662454039584418, "centroid_lat": 45.816636715986981, "land_frac": 1.0 }, "geometry": { "type": "Polygon", "coordinates": [ [ [ 3.36971187487705, 46.003391810698865 ], [ 3.480262592651453, 45.413386828096364 ], [ 4.268914526302797, 45.224368800074259 ], [ 4.959125239326749, 45.625827460368882 ], [ 4.858384411857144, 46.219130084869455 ], [ 4.057493950938507, 46.407710756892214 ], [ 3.36971187487705, 46.003391810698865 ] ] ] } },
{ "type": "Feature", "properties": { "province_id": "831f96fffffffff", "name": "France 14", "country": "France", "neighbors": [ "831869fffffffff", "83186dfffffffff", "831f90fffffffff", "831f92fffffffff", "831f94fffffffff", "833965fffffffff" ], "centroid_lon": 2.69526146735718, "centroid_lat": 45.594950467916156, "land_frac": 1.0 }, "geometry": { "type": "Polygon", "coordinates": [ [ [ 1.914105249897461, 45.801097074202019 ], [ 2.026568965384623, 45.184248689706436 ], [ 2.807218271513381, 45.005182350271085 ], [ 3.480262592651453, 45.413386828096364 ], [ 3.36971187487705, 46.003391810698865 ], [ 2.576665890631681, 46.181706919426944 ], [ 2.240321780370719, 45.976638937656688 ], [ 1.914105249897461, 45.801097074202019 ] ] ] } },
{ "type": "Feature", "properties": { "province_id": "831869fffffffff", "name": "France 15", "country": "France", "neighbors": [ "831868fffffffff", "83186bfffffffff", "83186dfffffffff", "831f96fffffffff", "833964fffffffff", "833965fffffffff" ], "centroid_lon": 1.2611377350578361, "centroid_lat": 45.444310580771138, "land_frac": 1.0 }, "geometry": { "type": "Polygon", "coordinates": [ [ [ 1.142641548640867, 46.06284043212586 ], [ 0.488948021017637, 45.702291077174117 ], [ 0.61635015470055, 45.082292509870996 ], [ 1.382480752022293, 44.825951931828278 ], [ 2.02656896538461, 45.184248689706443 ], [ 1.914105249897461, 45.801097074202019 ], [ 1.142641548640867, 46.06284043212586 ] ] ] } },
{ "type": "Feature", "properties": { "province_id": "83186bfffffffff", "name": "France 16", "country": "France", "neighbors": [ "83184cfffffffff", "83184dfffffffff", "831868fffffffff", "831869fffffffff", "83186afffffffff", "833964fffffffff" ], "centroid_lon": -0.16410279248641185, "centroid_lat": 45.334317846320062, "land_frac": 0.9713 }, "geometry": { "type": "Polygon", "coordinates": [ [ [ -0.297888443681846, 45.955847071347613 ], [ -0.951316854793764, 45.584010543795301 ], [ -0.808824357486936, 44.961184066567903 ], [ -0.028004932417272, 44.712977777952439 ], [ 0.61635015470055, 45.082292509870996 ], [ 0.488948021017637, 45.702291077174117 ], [ -0.297888443681846, 45.955847071347613 ] ] ] } },
{ "type": "Feature", "properties": { "province_id": "831f9efffffffff", "name": "France 17", "country": "France", "neighbors": [ "831f91fffffffff", "831f93fffffffff", "831f98fffffffff", "831f9afffffffff", "831f9cfffffffff", "83396dfffffffff" ], "centroid_lon": 6.5529495037672527, "centroid_lat": 45.21862010192924, "land_frac": 1.0 }, "geometry": { "type": "Polygon", "coordinates": [ [ [ 5.754884388026687, 45.426507142220999 ], [ 5.848476901128344, 44.825469812204773 ], [ 6.63878847895068, 44.615540304793761 ], [ 7.346975606452316, 45.006670100412435 ], [ 7.263690585708126, 45.610703592413039 ], [ 6.461796324878491, 45.820650213458968 ], [ 5.754884388026687, 45.426507142220999 ] ] ] } },
{ "type": "Feature", "properties": { "province_id": "83184cfffffffff", "name": "France 18", "country": "France", "neighbors": [ "83184dfffffffff", "83186afffffffff", "83186bfffffffff" ], "centroid_lon": -1.6035873197645805, "centroid_lat": 45.204723217271869, "land_frac": 0.1517 }, "geometry": { "type": "Polygon", "coordinates": [ [ [ -1.752798071558826, 45.828917156628108 ], [ -2.405083770483306, 45.445676623209089 ], [ -2.247404031564249, 44.820358625870355 ], [ -1.452620710815543, 44.580726104366008 ], [ -0.808824357486936, 44.961184066567903 ], [ -0.951316854793764, 45.584010543795301 ], [ -1.752798071558826, 45.828917156628108 ] ] ] } },
{ "type": "Feature", "properties": { "province_id": "831f93fffffffff", "name": "France 19", "country": "France", "neighbors": [ "831f90fffffffff", "831f91fffffffff", "831f92fffffffff", "831f9efffffffff", "83396cfffffffff", "83396dfffffffff" ], "centroid_lon": 5.0605969893699934, "centroid_lat": 45.02696508929214, "land_frac": 1.0 }, "geometry": { "type": "Polygon", "coordinates": [ [ [ 4.268914526302797, 45.224368800074259 ], [ 4.372371263183511, 44.626572969084449 ], [ 5.156295759946297, 44.426958870226123 ], [ 5.848476901128344, 44.825469812204773 ], [ 5.754884388026687, 45.426507142220999 ], [ 4.959125239326749, 45.625827460368882 ], [ 4.268914526302797, 45.224368800074259 ] ] ] } },
{ "type": "Feature", "properties": { "province_id": "831f92fffffffff", "name": "France 20", "country": "France", "neighbors": [ "831f90fffffffff", "831f93fffffffff", "831f96fffffffff", "833961fffffffff", "833965fffffffff", "83396cfffffffff" ], "centroid_lon": 3.5915791857817214, "centroid_lat": 44.817932170271156, "land_frac": 1.0 }, "geometry": { "type": "Polygon", "coordinates": [ [ [ 2.807218271513381, 45.005182350271085 ], [ 2.920074258498503, 44.410857970275529 ], [ 3.696701803265006, 44.221234955780197 ], [ 4.372371263183511, 44.626572969084449 ], [ 4.268914526302797, 45.224368800074259 ], [ 3.480262592651453, 45.413386828096364 ], [ 2.807218271513381, 45.005182350271085 ] ] ] } },
{ "type": "Feature", "properties": { "province_id": "833965fffffffff", "name": "France 21", "country": "France", "neighbors": [ "831869fffffffff", "831f92fffffffff", "831f96fffffffff", "833960fffffffff", "833961fffffffff", "833964fffffffff" ], "centroid_lon": 2.1477419746912463, "centroid_lat": 44.598105490301009, "land_frac": 1.0 }, "geometry": { "type": "Polygon", "coordinates": [ [ [ 1.382480752022293, 44.825951931828278 ], [ 1.49884907844549, 44.205806374255715 ], [ 1.748811546177868, 44.119981960302873 ], [ 2.261329095727105, 43.99925771798614 ], [ 2.920074258498503, 44.410857970275529 ], [ 2.807218271513381, 45.005182350271085 ], [ 2.026568965384623, 45.184248689706436 ], [ 1.382480752022293, 44.825951931828278 ] ] ] } },
{ "type": "Feature", "properties": { "province_id": "833964fffffffff", "name": "France 22", "country": "France", "neighbors": [ "83184dfffffffff", "831869fffffffff", "83186bfffffffff", "833960fffffffff", "833965fffffffff", "833966fffffffff" ], "centroid_lon": 0.73866196910428628, "centroid_lat": 44.460485275908511, "land_frac": 1.0 }, "geometry": { "type": "Polygon", "coordinates": [ [ [ 0.61635015470055, 45.082292509870996 ], [ -0.028004932417272, 44.712977777952439 ], [ 0.102941254471189, 44.089763403496001 ], [ 0.863644521178912, 43.838891427001819 ], [ 1.49884907844549, 44.205806374255715 ], [ 1.382480752022293, 44.825951931828278 ], [ 0.61635015470055, 45.082292509870996 ] ] ] } },
{ "type": "Feature", "properties": { "province_id": "83184dfffffffff", "name": "France 23", "country": "France", "neighbors": [ "831849fffffffff", "83184cfffffffff", "83186bfffffffff", "833964fffffffff", "833966fffffffff" ], "centroid_lon": -0.67160200328698871, "centroid_lat": 44.336462647886847, "land_frac": 0.9424 }, "geometry": { "type": "Polygon", "coordinates": [ [ [ -0.808824357486936, 44.961184066567903 ], [ -1.452620710815543, 44.580726104366008 ], [ -1.306969766817343, 43.954767311590352 ], [ -0.532232446666552, 43.711967187098168 ], [ 0.102941254471189, 44.089763403496001 ], [ -0.028004932417272, 44.712977777952439 ], [ -0.808824357486936, 44.961184066567903 ] ] ] } },
{ "type": "Feature", "properties": { "province_id": "83396dfffffffff", "name": "France 24", "country": "France", "neighbors": [ "831f93fffffffff", "831f9afffffffff", "831f9efffffffff", "833968fffffffff", "833969fffffffff", "83396cfffffffff" ], "centroid_lon": 5.9428042994517076, "centroid_lat": 44.219037371816228, "land_frac": 1.0 }, "geometry": { "type": "Polygon", "coordinates": [ [ [ 5.156295759946297, 44.426958870226123 ], [ 5.252785380169204, 43.821584941447014 ], [ 6.031669923367755, 43.611509009640208 ], [ 6.725378363373693, 44.00698986609023 ], [ 6.63878847895068, 44.615540304793761 ], [ 5.848476901128344, 44.825469812204773 ], [ 5.156295759946297, 44.426958870226123 ] ] ] } },
{ "type": "Feature", "properties": { "province_id": "83396cfffffffff", "name": "France 25", "country": "France", "neighbors": [ "831f92fffffffff", "831f93fffffffff", "833961fffffffff", "833968fffffffff", "83396dfffffffff", "83396efffffffff" ], "centroid_lon": 4.476599623551115, "centroid_lat": 44.023486843547374, "land_frac": 0.9973 }, "geometry": { "type": "Polygon", "coordinates": [ [ [ 3.696701803265006, 44.221234955780197 ], [ 3.802653876609467, 43.619279005070887 ], [ 4.574932273112718, 43.419210351710518 ], [ 5.252785380169204, 43.821584941447014 ], [ 5.156295759946297, 44.426958870226123 ], [ 4.372371263183511, 44.626572969084449 ], [ 3.696701803265006, 44.221234955780197 ] ] ] } },
{ "type": "Feature", "properties": { "province_id": "833961fffffffff", "name": "France 26", "country": "France", "neighbors": [ "831f92fffffffff", "833960fffffffff", "833963fffffffff", "833965fffffffff", "83396cfffffffff", "83396efffffffff" ], "centroid_lon": 3.0337376979804187, "centroid_lat": 43.811353763792454, "land_frac": 1.0 }, "geometry": { "type": "Polygon", "coordinates": [ [ [ 2.261329095727105, 43.99925771798614 ], [ 2.376287621332315, 43.400945534581275 ], [ 3.141108630296017, 43.210560883390713 ], [ 3.802653876609467, 43.619279005070887 ], [ 3.696701803265006, 44.221234955780197 ], [ 2.920074258498503, 44.410857970275529 ], [ 2.261329095727105, 43.99925771798614 ] ] ] } },
{ "type": "Feature", "properties": { "province_id": "833960fffffffff", "name": "France 27", "country": "France", "neighbors": [ "833961fffffffff", "833962fffffffff", "833963fffffffff", "833964fffffffff", "833965fffffffff", "833966fffffffff" ], "centroid_lon": 1.6166162146909027, "centroid_lat": 43.598667708719717, "land_frac": 1.0 }, "geometry": { "type": "Polygon", "coordinates": [ [ [ 0.863644521178912, 43.838891427001819 ], [ 0.983680663970085, 43.215793940199823 ], [ 1.47902092813912, 43.047511705154804 ], [ 1.731414662603743, 42.986442187173054 ], [ 2.376287621332315, 43.400945534581275 ], [ 2.261329095727105, 43.99925771798614 ], [ 1.748811546177868, 44.119981960302873 ], [ 1.49884907844549, 44.205806374255715 ], [ 0.863644521178912, 43.838891427001819 ] ] ] } },
{ "type": "Feature", "properties": { "province_id": "833966fffffffff", "name": "France 28", "country": "France", "neighbors": [ "831849fffffffff", "83184dfffffffff", "833960fffffffff", "833962fffffffff", "833964fffffffff", "833975fffffffff" ], "centroid_lon": 0.22883127461903432, "centroid_lat": 43.465029232836066, "land_frac": 1.0 }, "geometry": { "type": "Polygon", "coordinates": [ [ [ 0.102941254471189, 44.089763403496001 ], [ -0.532232446666552, 43.711967187098168 ], [ -0.3979729448556, 43.085889957900712 ], [ 0.357222697851024, 42.840547845508539 ], [ 0.983680663970085, 43.215793940199823 ], [ 0.863644521178912, 43.838891427001819 ], [ 0.102941254471189, 44.089763403496001 ] ] ] } },
{ "type": "Feature", "properties": { "province_id": "833969fffffffff", "name": "France 29", "country": "France", "neighbors": [ "831eb4fffffffff", "831f9afffffffff", "833968fffffffff", "83396dfffffffff" ], "centroid_lon": 6.8127032961067595, "centroid_lat": 43.393228397234125, "land_frac": 0.4808 }, "geometry": { "type": "Polygon", "coordinates": [ [ [ 6.031669923367755, 43.611509009640208 ], [ 6.121325878681654, 42.998792377494198 ], [ 6.894878764318523, 42.778416675076535 ], [ 7.589687114332628, 43.170790163168761 ], [ 7.509948481928892, 43.786609353945025 ], [ 6.725378363373693, 44.00698986609023 ], [ 6.031669923367755, 43.611509009640208 ] ] ] } },
{ "type": "Feature", "properties": { "province_id": "831849fffffffff", "name": "France 30", "country": "France", "neighbors": [ "83184bfffffffff", "83184dfffffffff", "833966fffffffff", "833974fffffffff", "833975fffffffff" ], "centroid_lon": -1.1665410038991182, "centroid_lat": 43.327211859653332, "land_frac": 0.9015 }, "geometry": { "type": "Polygon", "coordinates": [ [ [ -1.306969766817343, 43.954767311590352 ], [ -1.941313203208548, 43.565988727925557 ], [ -1.792726468170899, 42.937258219605852 ], [ -1.024123399077627, 42.699916303681313 ], [ -0.3979729448556, 43.085889957900712 ], [ -0.532232446666552, 43.711967187098168 ], [ -1.306969766817343, 43.954767311590352 ] ] ] } },
{ "type": "Feature", "properties": { "province_id": "833968fffffffff", "name": "France 31", "country": "France", "neighbors": [ "833969fffffffff", "83396cfffffffff", "83396dfffffffff", "83396efffffffff" ], "centroid_lon": 5.3500487772750294, "centroid_lat": 43.211099174163927, "land_frac": 0.4344 }, "geometry": { "type": "Polygon", "coordinates": [ [ [ 4.574932273112718, 43.419210351710518 ], [ 4.674095926787729, 42.809849063261659 ], [ 5.441717114051802, 42.599473266116554 ], [ 6.121325878681654, 42.998792377494198 ], [ 6.031669923367755, 43.611509009640208 ], [ 5.252785380169204, 43.821584941447014 ], [ 4.574932273112718, 43.419210351710518 ] ] ] } },
{ "type": "Feature", "properties": { "province_id": "83396efffffffff", "name": "France 32", "country": "France", "neighbors": [ "833945fffffffff", "833961fffffffff", "833963fffffffff", "833968fffffffff", "83396cfffffffff" ], "centroid_lon": 3.9094172592738894, "centroid_lat": 43.01231621972957, "land_frac": 0.0723 }, "geometry": { "type": "Polygon", "coordinates": [ [ [ 3.141108630296017, 43.210560883390713 ], [ 3.249349596693648, 42.60479220712697 ], [ 4.010175649705063, 42.404119013332085 ], [ 4.674095926787729, 42.809849063261659 ], [ 4.574932273112718, 43.419210351710518 ], [ 3.802653876609467, 43.619279005070887 ], [ 3.141108630296017, 43.210560883390713 ] ] ] } },
{ "type": "Feature", "properties": { "province_id": "833963fffffffff", "name": "France 33", "country": "France", "neighbors": [ "833944fffffffff", "833945fffffffff", "833960fffffffff", "833961fffffffff", "833962fffffffff", "83396efffffffff" ], "centroid_lon": 2.4920937504665641, "centroid_lat": 42.797736664252454, "land_frac": 0.9483 }, "geometry": { "type": "Polygon", "coordinates": [ [ [ 1.731414662603743, 42.986442187173054 ], [ 1.848286528562975, 42.384487443858703 ], [ 2.601521381382716, 42.193195882502337 ], [ 3.249349596693648, 42.60479220712697 ], [ 3.141108630296017, 43.210560883390713 ], [ 2.376287621332315, 43.400945534581275 ], [ 1.731414662603743, 42.986442187173054 ] ] ] } },
{ "type": "Feature", "properties": { "province_id": "831eb0fffffffff", "name": "France 34", "country": "France", "neighbors": [ "831eb1fffffffff", "831eb2fffffffff", "831eb3fffffffff", "831eb4fffffffff", "831eb5fffffffff" ], "centroid_lon": 9.1478030650069719, "centroid_lat": 42.701304634238454, "land_frac": 0.3408 }, "geometry": { "type": "Polygon", "coordinates": [ [ [ 8.368243995727919, 42.940144882164866 ], [ 8.44128762036731, 42.317324328175857 ], [ 9.213581234065764, 42.076628738212044 ], [ 9.923020549313645, 42.458337830499516 ], [ 9.860249890257377, 43.08389953721246 ], [ 9.077676719315573, 43.325052555850263 ], [ 8.368243995727919, 42.940144882164866 ] ] ] } },
{ "type": "Feature", "properties": { "province_id": "831eb3fffffffff", "name": "France 35", "country": "France", "neighbors": [ "831e86fffffffff", "831e94fffffffff", "831eb0fffffffff", "831eb1fffffffff", "831eb2fffffffff" ], "centroid_lon": 9.9864704537875735, "centroid_lat": 41.827912360401108, "land_frac": 0.0788 }, "geometry": { "type": "Polygon", "coordinates": [ [ [ 9.213581234065764, 42.076628738212044 ], [ 9.280090171039886, 41.447097365844776 ], [ 10.045891778993699, 41.196594158047255 ], [ 10.754951467911923, 41.575053049308146 ], [ 10.698671614875636, 42.207223134094015 ], [ 9.923020549313645, 42.458337830499516 ], [ 9.213581234065764, 42.076628738212044 ] ] ] } },
{ "type": "Feature", "properties": { "province_id": "831eb2fffffffff", "name": "France 36", "country": "France", "neighbors": [ "831e94fffffffff", "831eb0fffffffff", "831eb3fffffffff", "833949fffffffff" ], "centroid_lon": 8.5150553721490905, "centroid_lat": 41.689720335158938, "land_frac": 0.2522 }, "geometry": { "type": "Polygon", "coordinates": [ [ [ 7.745790478352472, 41.928130397886939 ], [ 7.822201898923278, 41.301526551700967 ], [ 8.584298678288798, 41.061150089454593 ], [ 9.280090171039886, 41.447097365844776 ], [ 9.213581234065764, 42.076628738212044 ], [ 8.44128762036731, 42.317324328175857 ], [ 7.745790478352472, 41.928130397886939 ] ] ] } },
{ "type": "Feature", "properties": { "province_id": "831ec2fffffffff", "name": "Greece 1", "country": "Greece", "neighbors": [ "831ec0fffffffff", "831ec3fffffffff", "831ec6fffffffff", "831ed1fffffffff", "831ed5fffffffff", "831edcfffffffff" ], "centroid_lon": 22.908201042565622, "centroid_lat": 41.256019273233925, "land_frac": 1.0 }, "geometry": { "type": "Polygon", "coordinates": [ [ [ 22.156565223149336, 41.597915474012744 ], [ 22.130151592106067, 40.951006381499269 ], [ 22.876710218874177, 40.608843552222851 ], [ 23.654599071090548, 40.911033862996213 ], [ 23.692137376704537, 41.557755212426819 ], [ 22.940680678735852, 41.902527991020243 ], [ 22.156565223149336, 41.597915474012744 ] ] ] } },
{ "type": "Feature", "properties": { "province_id": "831ec3fffffffff", "name": "Greece 2", "country": "Greece", "neighbors": [ "831ec0fffffffff", "831ec1fffffffff", "831ec2fffffffff", "831ecefffffffff", "831edcfffffffff", "831eddfffffffff" ], "centroid_lon": 24.437060433899841, "centroid_lat": 41.205839926212811, "land_frac": 0.8664 }, "geometry": { "type": "Polygon", "coordinates": [ [ [ 23.692137376704537, 41.557755212426819 ], [ 23.654599071090548, 40.911033862996213 ], [ 24.394790542892483, 40.559015469338739 ], [ 25.17674314532988, 40.851015842627241 ], [ 25.225318626458733, 41.497195851593212 ], [ 24.480935452451483, 41.851970212376735 ], [ 23.692137376704537, 41.557755212426819 ] ] ] } },
{ "type": "Feature", "properties": { "province_id": "831ecefffffffff", "name": "Greece 3", "country": "Greece", "neighbors": [ "831ec1fffffffff", "831ec3fffffffff", "831ec8fffffffff", "831ecafffffffff", "831eccfffffffff", "831eddfffffffff" ], "centroid_lon": 25.962492122827921, "centroid_lat": 41.135510152228797, "land_frac": 0.8588 }, "geometry": { "type": "Polygon", "coordinates": [ [ [ 25.225318626458733, 41.497195851593212 ], [ 25.17674314532988, 40.851015842627241 ], [ 25.909550197343975, 40.489383304604537 ], [ 26.694448326552081, 40.771103621578639 ], [ 26.753927136960183, 41.416392001077334 ], [ 26.017647834469528, 41.780904006816037 ], [ 25.225318626458733, 41.497195851593212 ] ] ] } },
{ "type": "Feature", "properties": { "province_id": "831ed1fffffffff", "name": "Greece 4", "country": "Greece", "neighbors": [ "831ec2fffffffff", "831ed0fffffffff", "831ed3fffffffff", "831ed5fffffffff", "831edcfffffffff", "831edefffffffff" ], "centroid_lon": 22.103977549257298, "centroid_lat": 40.299509175253746, "land_frac": 0.899 }, "geometry": { "type": "Polygon", "coordinates": [ [ [ 21.357433736362598, 40.638762654776833 ], [ 21.337048931085388, 39.986959531734584 ], [ 22.078458720052648, 39.647345819053875 ], [ 22.84541358216476, 39.957039327062915 ], [ 22.876710218874177, 40.608843552222851 ], [ 22.130151592106067, 40.951006381499269 ], [ 21.357433736362598, 40.638762654776833 ] ] ] } },
{ "type": "Feature", "properties": { "province_id": "831edcfffffffff", "name": "Greece 5", "country": "Greece", "neighbors": [ "831ec2fffffffff", "831ec3fffffffff", "831ed1fffffffff", "831ed8fffffffff", "831eddfffffffff", "831edefffffffff" ], "centroid_lon": 23.617233800523049, "centroid_lat": 40.25972532170303, "land_frac": 0.3991 }, "geometry": { "type": "Polygon", "coordinates": [ [ [ 22.876710218874177, 40.608843552222851 ], [ 22.84541358216476, 39.957039327062915 ], [ 23.581130772584999, 39.60772959082356 ], [ 24.352642497896188, 39.907568281535362 ], [ 24.394790542892483, 40.559015469338739 ], [ 23.654599071090548, 40.911033862996213 ], [ 22.876710218874177, 40.608843552222851 ] ] ] } },
{ "type": "Feature", "properties": { "province_id": "831eddfffffffff", "name": "Greece 6", "country": "Greece", "neighbors": [ "831ec3fffffffff", "831ecafffffffff", "831ecefffffffff", "831ed8fffffffff", "831ed9fffffffff", "831edcfffffffff" ], "centroid_lon": 25.128272305700154, "centroid_lat": 40.200258961782602, "land_frac": 0.068 }, "geometry": { "type": "Polygon", "coordinates": [ [ [ 24.394790542892483, 40.559015469338739 ], [ 24.352642497896188, 39.907568281535362 ], [ 25.081665520149841, 39.548782366166854 ], [ 25.856656152704698, 39.838649060024288 ], [ 25.909550197343975, 40.489383304604537 ], [ 25.17674314532988, 40.851015842627241 ], [ 24.394790542892483, 40.559015469338739 ] ] ] } },
{ "type": "Feature", "properties": { "province_id": "831ed2fffffffff", "name": "Greece 7", "country": "Greece", "neighbors": [ "831ed0fffffffff", "831ed3fffffffff", "831ed6fffffffff", "833f25fffffffff", "833f2cfffffffff" ], "centroid_lon": 19.820511392196668, "centroid_lat": 39.341630250558644, "land_frac": 0.1902 }, "geometry": { "type": "Polygon", "coordinates": [ [ [ 19.074960024516955, 39.668440670168167 ], [ 19.071041683684911, 39.01272761614478 ], [ 19.811123400000817, 38.685282467875169 ], [ 20.561110928347595, 39.011306041978244 ], [ 20.575713543106456, 39.667573053662821 ], [ 19.829637484984854, 39.997314486205326 ], [ 19.074960024516955, 39.668440670168167 ] ] ] } },
{ "type": "Feature", "properties": { "province_id": "831ed3fffffffff", "name": "Greece 8", "country": "Greece", "neighbors": [ "831ed0fffffffff", "831ed1fffffffff", "831ed2fffffffff", "831edefffffffff", "833f2cfffffffff", "833f2dfffffffff" ], "centroid_lon": 21.316930702244782, "centroid_lat": 39.330903610989147, "land_frac": 0.9556 }, "geometry": { "type": "Polygon", "coordinates": [ [ [ 20.575713543106456, 39.667573053662821 ], [ 20.561110928347595, 39.011306041978244 ], [ 21.297146088577886, 38.674180254428066 ], [ 22.053163375299732, 38.99088586392547 ], [ 22.078458720052648, 39.647345819053875 ], [ 21.337048931085388, 39.986959531734584 ], [ 20.575713543106456, 39.667573053662821 ] ] ] } },
{ "type": "Feature", "properties": { "province_id": "831edefffffffff", "name": "Greece 9", "country": "Greece", "neighbors": [ "831ed1fffffffff", "831ed3fffffffff", "831ed8fffffffff", "831edafffffffff", "831edcfffffffff", "833f2dfffffffff" ], "centroid_lon": 22.814316093789536, "centroid_lat": 39.300979026216105, "land_frac": 0.6603 }, "geometry": { "type": "Polygon", "coordinates": [ [ [ 22.078458720052648, 39.647345819053875 ], [ 22.053163375299732, 38.99088586392547 ], [ 22.784148869958855, 38.644236094151012 ], [ 23.545178032093389, 38.951438520683404 ], [ 23.581130772584999, 39.60772959082356 ], [ 22.84541358216476, 39.957039327062915 ], [ 22.078458720052648, 39.647345819053875 ] ] ] } },
{ "type": "Feature", "properties": { "province_id": "831ed8fffffffff", "name": "Greece 10", "country": "Greece", "neighbors": [ "831ed9fffffffff", "831edafffffffff", "831edbfffffffff", "831edcfffffffff", "831eddfffffffff", "831edefffffffff" ], "centroid_lon": 24.310624373555836, "centroid_lat": 39.251870709144391, "land_frac": 0.021 }, "geometry": { "type": "Polygon", "coordinates": [ [ [ 23.581130772584999, 39.60772959082356 ], [ 23.545178032093389, 38.951438520683404 ], [ 24.270130249021044, 38.595464049618414 ], [ 25.035134213105888, 38.893020850164852 ], [ 25.081665520149841, 39.548782366166854 ], [ 24.352642497896188, 39.907568281535362 ], [ 23.581130772584999, 39.60772959082356 ] ] ] } },
{ "type": "Feature", "properties": { "province_id": "831ed9fffffffff", "name": "Greece 11", "country": "Greece", "neighbors": [ "831ecafffffffff", "831ed8fffffffff", "831edbfffffffff", "831eddfffffffff", "833f64fffffffff", "833f66fffffffff" ], "centroid_lon": 25.803821148625314, "centroid_lat": 39.183679078600719, "land_frac": 0.1448 }, "geometry": { "type": "Polygon", "coordinates": [ [ [ 25.081665520149841, 39.548782366166854 ], [ 25.035134213105888, 38.893020850164852 ], [ 25.753096960814176, 38.527962504560847 ], [ 26.521027910763664, 38.815774625321389 ], [ 26.578016345292625, 39.470649030275197 ], [ 25.856656152704698, 39.838649060024288 ], [ 25.081665520149841, 39.548782366166854 ] ] ] } },
{ "type": "Feature", "properties": { "province_id": "833f2cfffffffff", "name": "Greece 12", "country": "Greece", "neighbors": [ "831ed2fffffffff", "831ed3fffffffff", "833f28fffffffff", "833f2dfffffffff" ], "centroid_lon": 20.546803440214156, "centroid_lat": 38.351138086537105, "land_frac": 0.1708 }, "geometry": { "type": "Polygon", "coordinates": [ [ [ 19.811123400000817, 38.685282467875169 ], [ 19.80206183312637, 38.02499836871359 ], [ 20.532520271109984, 37.690299527576016 ], [ 21.277615862123945, 38.01350913596076 ], [ 21.297146088577886, 38.674180254428066 ], [ 20.561110928347595, 39.011306041978244 ], [ 19.811123400000817, 38.685282467875169 ] ] ] } },
{ "type": "Feature", "properties": { "province_id": "833f2dfffffffff", "name": "Greece 13", "country": "Greece", "neighbors": [ "831ed3fffffffff", "831edafffffffff", "831edefffffffff", "833f28fffffffff", "833f29fffffffff", "833f2cfffffffff" ], "centroid_lon": 22.028095035291013, "centroid_lat": 38.330517971678759, "land_frac": 0.8176 }, "geometry": { "type": "Polygon", "coordinates": [ [ [ 21.297146088577886, 38.674180254428066 ], [ 21.277615862123945, 38.01350913596076 ], [ 22.003636297452562, 37.669469809370845 ], [ 22.754162161175188, 37.983542598121375 ], [ 22.784148869958855, 38.644236094151012 ], [ 22.053163375299732, 38.99088586392547 ], [ 21.297146088577886, 38.674180254428066 ] ] ] } },
{ "type": "Feature", "properties": { "province_id": "831edafffffffff", "name": "Greece 14", "country": "Greece", "neighbors": [ "831ed8fffffffff", "831edbfffffffff", "831edefffffffff", "833f29fffffffff", "833f2dfffffffff", "833f74fffffffff" ], "centroid_lon": 23.509382384989209, "centroid_lat": 38.291241007784144, "land_frac": 0.6472 }, "geometry": { "type": "Polygon", "coordinates": [ [ [ 22.784148869958855, 38.644236094151012 ], [ 22.754162161175188, 37.983542598121375 ], [ 23.474780873002853, 37.630342574337909 ], [ 24.229741138637262, 37.935112727053784 ], [ 24.270130249021044, 38.595464049618414 ], [ 23.545178032093389, 38.951438520683404 ], [ 22.784148869958855, 38.644236094151012 ] ] ] } },
{ "type": "Feature", "properties": { "province_id": "831edbfffffffff", "name": "Greece 15", "country": "Greece", "neighbors": [ "831ed8fffffffff", "831ed9fffffffff", "831edafffffffff", "833f66fffffffff", "833f74fffffffff", "833f75fffffffff" ], "centroid_lon": 24.988688459972519, "centroid_lat": 38.233362896487748, "land_frac": 0.0621 }, "geometry": { "type": "Polygon", "coordinates": [ [ [ 24.270130249021044, 38.595464049618414 ], [ 24.229741138637262, 37.935112727053784 ], [ 24.944016723457537, 37.572972512665196 ], [ 25.702400888627096, 37.868315854682727 ], [ 25.753096960814176, 38.527962504560847 ], [ 25.035134213105888, 38.893020850164852 ], [ 24.270130249021044, 38.595464049618414 ] ] ] } },
{ "type": "Feature", "properties": { "province_id": "833f28fffffffff", "name": "Greece 16", "country": "Greece", "neighbors": [ "833f29fffffffff", "833f2bfffffffff", "833f2cfffffffff", "833f2dfffffffff" ], "centroid_lon": 21.258341923441506, "centroid_lat": 37.349294002818546, "land_frac": 0.306 }, "geometry": { "type": "Polygon", "coordinates": [ [ [ 20.532520271109984, 37.690299527576016 ], [ 20.518523670424965, 37.025877722291774 ], [ 21.239368592588473, 36.684399002703103 ], [ 21.979389778613037, 37.004832048415196 ], [ 22.003636297452562, 37.669469809370845 ], [ 21.277615862123945, 38.01350913596076 ], [ 20.532520271109984, 37.690299527576016 ] ] ] } },
{ "type": "Feature", "properties": { "province_id": "833f29fffffffff", "name": "Greece 17", "country": "Greece", "neighbors": [ "831edafffffffff", "833f28fffffffff", "833f2bfffffffff", "833f2dfffffffff", "833f74fffffffff", "833f76fffffffff" ], "centroid_lon": 22.724361315740467, "centroid_lat": 37.319302877747177, "land_frac": 0.7438 }, "geometry": { "type": "Polygon", "coordinates": [ [ [ 22.003636297452562, 37.669469809370845 ], [ 21.979389778613037, 37.004832048415196 ], [ 22.695435384483005, 36.654368148899501 ], [ 23.440315559711561, 36.965856385485878 ], [ 23.474780873002853, 37.630342574337909 ], [ 22.754162161175188, 37.983542598121375 ], [ 22.003636297452562, 37.669469809370845 ] ] ] } },
{ "type": "Feature", "properties": { "province_id": "833f74fffffffff", "name": "Greece 18", "country": "Greece", "neighbors": [ "831edafffffffff", "831edbfffffffff", "833f29fffffffff", "833f70fffffffff", "833f75fffffffff", "833f76fffffffff" ], "centroid_lon": 24.18946583588653, "centroid_lat": 37.271220983749863, "land_frac": 0.0441 }, "geometry": { "type": "Polygon", "coordinates": [ [ [ 23.474780873002853, 37.630342574337909 ], [ 23.440315559711561, 36.965856385485878 ], [ 24.150637243525743, 36.606608473741872 ], [ 24.899403736763961, 36.909004431039889 ], [ 24.944016723457537, 37.572972512665196 ], [ 24.229741138637262, 37.935112727053784 ], [ 23.474780873002853, 37.630342574337909 ] ] ] } },
{ "type": "Feature", "properties": { "province_id": "833f75fffffffff", "name": "Greece 19", "country": "Greece", "neighbors": [ "831edbfffffffff", "833f62fffffffff", "833f66fffffffff", "833f70fffffffff", "833f74fffffffff" ], "centroid_lon": 25.651745137404141, "centroid_lat": 37.205142585689849, "land_frac": 0.0801 }, "geometry": { "type": "Polygon", "coordinates": [ [ [ 24.944016723457537, 37.572972512665196 ], [ 24.899403736763961, 36.909004431039889 ], [ 25.603101636810322, 36.541212373043756 ], [ 26.354771311728221, 36.83440897961448 ], [ 26.409421612777702, 37.497495353866356 ], [ 25.702400888627096, 37.868315854682727 ], [ 24.944016723457537, 37.572972512665196 ] ] ] } },
{ "type": "Feature", "properties": { "province_id": "833f2bfffffffff", "name": "Greece 20", "country": "Greece", "neighbors": [ "833f28fffffffff", "833f29fffffffff", "833f76fffffffff" ], "centroid_lon": 21.955359189673175, "centroid_lat": 36.337023207807988, "land_frac": 0.056 }, "geometry": { "type": "Polygon", "coordinates": [ [ [ 21.239368592588473, 36.684399002703103 ], [ 21.220640349359122, 36.01629019454905 ], [ 21.931895335373049, 35.668523237130053 ], [ 22.666678189877594, 35.9862179163541 ], [ 22.695435384483005, 36.654368148899501 ], [ 21.979389778613037, 37.004832048415196 ], [ 21.239368592588473, 36.684399002703103 ] ] ] } },
{ "type": "Feature", "properties": { "province_id": "833f76fffffffff", "name": "Greece 21", "country": "Greece", "neighbors": [ "833f29fffffffff", "833f2bfffffffff", "833f70fffffffff", "833f72fffffffff", "833f74fffffffff" ], "centroid_lon": 23.405993766460853, "centroid_lat": 36.29820121983655, "land_frac": 0.0527 }, "geometry": { "type": "Polygon", "coordinates": [ [ [ 22.695435384483005, 36.654368148899501 ], [ 22.666678189877594, 35.9862179163541 ], [ 23.372801364962513, 35.62983463943737 ], [ 24.111899554574013, 35.938786456658363 ], [ 24.150637243525743, 36.606608473741872 ], [ 23.440315559711561, 36.965856385485878 ], [ 22.695435384483005, 36.654368148899501 ] ] ] } },
{ "type": "Feature", "properties": { "province_id": "833f70fffffffff", "name": "Greece 22", "country": "Greece", "neighbors": [ "833f72fffffffff", "833f73fffffffff", "833f74fffffffff", "833f75fffffffff", "833f76fffffffff" ], "centroid_lon": 24.854860412228231, "centroid_lat": 36.241876961202856, "land_frac": 0.0122 }, "geometry": { "type": "Polygon", "coordinates": [ [ [ 24.150637243525743, 36.606608473741872 ], [ 24.111899554574013, 35.938786456658363 ], [ 24.812004990779425, 35.574007582813174 ], [ 25.554469998697048, 35.874086323200878 ], [ 25.603101636810322, 36.541212373043756 ], [ 24.899403736763961, 36.909004431039889 ], [ 24.150637243525743, 36.606608473741872 ] ] ] } },
{ "type": "Feature", "properties": { "province_id": "833f44fffffffff", "name": "Greece 23", "country": "Greece", "neighbors": [ "833f46fffffffff", "833f62fffffffff", "833f63fffffffff" ], "centroid_lon": 27.739943316571289, "centroid_lat": 36.077316606690282, "land_frac": 0.0707 }, "geometry": { "type": "Polygon", "coordinates": [ [ [ 27.050977107397056, 36.458349802676601 ], [ 26.992575210673422, 35.792283666516319 ], [ 27.678100873279259, 35.411520367610542 ], [ 28.424434541622375, 35.693618487538494 ], [ 28.492447262740846, 36.358266427440448 ], [ 27.804564032654561, 36.742280524890063 ], [ 27.050977107397056, 36.458349802676601 ] ] ] } },
{ "type": "Feature", "properties": { "province_id": "833f72fffffffff", "name": "Greece 24", "country": "Greece", "neighbors": [ "833f70fffffffff", "833f73fffffffff", "833f76fffffffff" ], "centroid_lon": 24.073262196696387, "centroid_lat": 35.268186759922727, "land_frac": 0.25 }, "geometry": { "type": "Polygon", "coordinates": [ [ [ 23.372801364962513, 35.62983463943737 ], [ 23.339733257269025, 34.958641140481397 ], [ 24.035997744251492, 34.59685782123659 ], [ 24.769194553473582, 34.903320885355392 ], [ 24.812004990779425, 35.574007582813174 ], [ 24.111899554574013, 35.938786456658363 ], [ 23.372801364962513, 35.62983463943737 ] ] ] } },
{ "type": "Feature", "properties": { "province_id": "833f73fffffffff", "name": "Greece 25", "country": "Greece", "neighbors": [ "833f46fffffffff", "833f70fffffffff", "833f72fffffffff" ], "centroid_lon": 25.505863372954661, "centroid_lat": 35.204195387904697, "land_frac": 0.3109 }, "geometry": { "type": "Polygon", "coordinates": [ [ [ 24.812004990779425, 35.574007582813174 ], [ 24.769194553473582, 34.903320885355392 ], [ 25.459174400829244, 34.533540374782177 ], [ 26.195246251947378, 34.831357437542039 ], [ 26.247698574978319, 35.501169156840234 ], [ 25.554469998697048, 35.874086323200878 ], [ 24.812004990779425, 35.574007582813174 ] ] ] } },
{ "type": "Feature", "properties": { "province_id": "833f46fffffffff", "name": "Greece 26", "country": "Greece", "neighbors": [ "833f44fffffffff", "833f73fffffffff" ], "centroid_lon": 26.934122025838967, "centroid_lat": 35.123472268263733, "land_frac": 0.0268 }, "geometry": { "type": "Polygon", "coordinates": [ [ [ 26.247698574978319, 35.501169156840234 ], [ 26.195246251947378, 34.831357437542039 ], [ 26.878122165905154, 34.453852516649846 ], [ 27.616142201017869, 34.742947144147777 ], [ 27.678100873279259, 35.411520367610542 ], [ 26.992575210673422, 35.792283666516319 ], [ 26.247698574978319, 35.501169156840234 ] ] ] } },
{ "type": "Feature", "properties": { "province_id": "831e1dfffffffff", "name": "Hungary 1", "country": "Hungary", "neighbors": [ "831e0afffffffff", "831e18fffffffff", "831e19fffffffff", "831e1cfffffffff" ], "centroid_lon": 19.941988104682135, "centroid_lat": 46.961350991437079, "land_frac": 1.0 }, "geometry": { "type": "Polygon", "coordinates": [ [ [ 19.126769693876831, 47.262898553002891 ], [ 19.122082987333812, 46.65205088689293 ], [ 19.930814315592318, 46.3499783959697 ], [ 20.751334484087359, 46.656509774238415 ], [ 20.768801767009251, 47.267764123876113 ], [ 19.952960563687107, 47.572139926934639 ], [ 19.126769693876831, 47.262898553002891 ] ] ] } },
{ "type": "Feature", "properties": { "province_id": "831e1cfffffffff", "name": "Hungary 2", "country": "Hungary", "neighbors": [ "831e11fffffffff", "831e18fffffffff", "831e1dfffffffff", "831e1efffffffff" ], "centroid_lon": 18.308645192470724, "centroid_lat": 46.945080183787937, "land_frac": 1.0 }, "geometry": { "type": "Polygon", "coordinates": [ [ [ 17.489487896493493, 47.234678825099884 ], [ 17.497515785758566, 46.624565637617721 ], [ 18.309883046138545, 46.334272892630793 ], [ 19.122082987333812, 46.65205088689293 ], [ 19.126769693876831, 47.262898553002891 ], [ 18.306517515815266, 47.555292526633785 ], [ 17.489487896493493, 47.234678825099884 ] ] ] } },
{ "type": "Feature", "properties": { "province_id": "831e11fffffffff", "name": "Hungary 3", "country": "Hungary", "neighbors": [ "831e10fffffffff", "831e13fffffffff", "831e1cfffffffff", "831e1efffffffff" ], "centroid_lon": 16.681325818982387, "centroid_lat": 46.905739321974686, "land_frac": 1.0 }, "geometry": { "type": "Polygon", "coordinates": [ [ [ 15.859593860573156, 47.183358644913341 ], [ 15.880209464652415, 46.574303621623756 ], [ 16.694884065380005, 46.295816738581131 ], [ 17.497515785758566, 46.624565637617721 ], [ 17.489487896493493, 47.234678825099884 ], [ 16.666200097129998, 47.515042499454502 ], [ 15.859593860573156, 47.183358644913341 ] ] ] } },
{ "type": "Feature", "properties": { "province_id": "831e18fffffffff", "name": "Hungary 4", "country": "Hungary", "neighbors": [ "831e19fffffffff", "831e1afffffffff", "831e1bfffffffff", "831e1cfffffffff", "831e1dfffffffff", "831e1efffffffff" ], "centroid_lon": 19.117778546891046, "centroid_lat": 46.035003444695896, "land_frac": 1.0 }, "geometry": { "type": "Polygon", "coordinates": [ [ [ 18.309883046138545, 46.334272892630793 ], [ 18.311527044863865, 45.717251336688747 ], [ 19.112924850722514, 45.417355910298653 ], [ 19.919996575525733, 45.732363240187659 ], [ 19.930814315592318, 46.3499783959697 ], [ 19.122082987333812, 46.65205088689293 ], [ 18.309883046138545, 46.334272892630793 ] ] ] } },
{ "type": "Feature", "properties": { "province_id": "831e1efffffffff", "name": "Hungary 5", "country": "Hungary", "neighbors": [ "831e11fffffffff", "831e13fffffffff", "831e18fffffffff", "831e1afffffffff", "831e1cfffffffff", "831eadfffffffff" ], "centroid_lon": 17.505969570083646, "centroid_lat": 46.00828606870251, "land_frac": 1.0 }, "geometry": { "type": "Polygon", "coordinates": [ [ [ 16.694884065380005, 46.295816738581131 ], [ 16.708896543883586, 45.679718949173115 ], [ 17.513203522099001, 45.391389018911688 ], [ 18.311527044863865, 45.717251336688747 ], [ 18.309883046138545, 46.334272892630793 ], [ 17.497515785758566, 46.624565637617721 ], [ 16.694884065380005, 46.295816738581131 ] ] ] } },
{ "type": "Feature", "properties": { "province_id": "831f8bfffffffff", "name": "Italy 1", "country": "Italy", "neighbors": [ "831e16fffffffff", "831ea4fffffffff", "831ea5fffffffff", "831f88fffffffff", "831f8afffffffff" ], "centroid_lon": 11.860808665136624, "centroid_lat": 46.652836974540826, "land_frac": 1.0 }, "geometry": { "type": "Polygon", "coordinates": [ [ [ 11.039404366150022, 46.894874154158224 ], [ 11.096452531828488, 46.290866240440415 ], [ 11.910220698663398, 46.047427783138872 ], [ 12.677317810359858, 46.406957457982287 ], [ 12.632138622456827, 47.012951127320562 ], [ 11.807909704591646, 47.257480545419014 ], [ 11.039404366150022, 46.894874154158224 ] ] ] } },
{ "type": "Feature", "properties": { "province_id": "831f8afffffffff", "name": "Italy 2", "country": "Italy", "neighbors": [ "831ea4fffffffff", "831f88fffffffff", "831f8bfffffffff", "831f8efffffffff", "831f99fffffffff", "831f9dfffffffff" ], "centroid_lon": 10.282389298737732, "centroid_lat": 46.525240289993491, "land_frac": 1.0 }, "geometry": { "type": "Polygon", "coordinates": [ [ [ 9.463672237549419, 46.7557038219419 ], [ 9.532250123457684, 46.15397080087272 ], [ 10.343212804239645, 45.92192778359744 ], [ 11.096452531828488, 46.290866240440415 ], [ 11.039404366150022, 46.894874154158224 ], [ 10.217491094939923, 47.127717016772692 ], [ 9.463672237549419, 46.7557038219419 ] ] ] } },
{ "type": "Feature", "properties": { "province_id": "831ea5fffffffff", "name": "Italy 3", "country": "Italy", "neighbors": [ "831e12fffffffff", "831e16fffffffff", "831ea0fffffffff", "831ea1fffffffff", "831ea4fffffffff", "831f8bfffffffff" ], "centroid_lon": 12.723044267334494, "centroid_lat": 45.794958940809636, "land_frac": 0.7479 }, "geometry": { "type": "Polygon", "coordinates": [ [ [ 11.910220698663398, 46.047427783138872 ], [ 11.960221174387119, 45.436021503974835 ], [ 12.765635848032405, 45.182217359989032 ], [ 13.530910145820807, 45.538666100659931 ], [ 13.492666534684036, 46.151948352964531 ], [ 12.677317810359858, 46.406957457982287 ], [ 11.910220698663398, 46.047427783138872 ] ] ] } },
{ "type": "Feature", "properties": { "province_id": "831ea4fffffffff", "name": "Italy 4", "country": "Italy", "neighbors": [ "831ea0fffffffff", "831ea5fffffffff", "831ea6fffffffff", "831f8afffffffff", "831f8bfffffffff", "831f99fffffffff" ], "centroid_lon": 11.154086100842243, "centroid_lat": 45.680926362364453, "land_frac": 1.0 }, "geometry": { "type": "Polygon", "coordinates": [ [ [ 10.343212804239645, 45.92192778359744 ], [ 10.404666738862085, 45.312696334143617 ], [ 11.207993057392345, 45.070179637745291 ], [ 11.960221174387119, 45.436021503974835 ], [ 11.910220698663398, 46.047427783138872 ], [ 11.096452531828488, 46.290866240440415 ], [ 10.343212804239645, 45.92192778359744 ] ] ] } },
{ "type": "Feature", "properties": { "province_id": "831f99fffffffff", "name": "Italy 5", "country": "Italy", "neighbors": [ "831ea4fffffffff", "831ea6fffffffff", "831f8afffffffff", "831f98fffffffff", "831f9bfffffffff", "831f9dfffffffff" ], "centroid_lon": 9.6014507295614049, "centroid_lat": 45.546387367546025, "land_frac": 1.0 }, "geometry": { "type": "Polygon", "coordinates": [ [ [ 8.793724920908769, 45.776108929067384 ], [ 8.866286264846664, 45.169339401382778 ], [ 9.66636240588379, 44.937923961585263 ], [ 10.404666738862085, 45.312696334143617 ], [ 10.343212804239645, 45.92192778359744 ], [ 9.532250123457684, 46.15397080087272 ], [ 8.793724920908769, 45.776108929067384 ] ] ] } },
{ "type": "Feature", "properties": { "province_id": "831f98fffffffff", "name": "Italy 6", "country": "Italy", "neighbors": [ "831f99fffffffff", "831f9afffffffff", "831f9bfffffffff", "831f9cfffffffff", "831f9dfffffffff", "831f9efffffffff" ], "centroid_lon": 8.0671262765781027, "centroid_lat": 45.392032734299882, "land_frac": 1.0 }, "geometry": { "type": "Polygon", "coordinates": [ [ [ 7.263690585708126, 45.610703592413039 ], [ 7.346975606452316, 45.006670100412435 ], [ 8.142693263103396, 44.786129275257466 ], [ 8.866286264846664, 45.169339401382778 ], [ 8.793724920908769, 45.776108929067384 ], [ 7.986740374168108, 45.996974876962099 ], [ 7.263690585708126, 45.610703592413039 ] ] ] } },
{ "type": "Feature", "properties": { "province_id": "831ea0fffffffff", "name": "Italy 7", "country": "Italy", "neighbors": [ "831ea1fffffffff", "831ea2fffffffff", "831ea3fffffffff", "831ea4fffffffff", "831ea5fffffffff", "831ea6fffffffff" ], "centroid_lon": 12.010800491668034, "centroid_lat": 44.818870517069215, "land_frac": 0.7457 }, "geometry": { "type": "Polygon", "coordinates": [ [ [ 11.207993057392345, 45.070179637745291 ], [ 11.262523096654302, 44.453696394328126 ], [ 12.057997356551253, 44.200938596399773 ], [ 12.808805081104872, 44.563667028991937 ], [ 12.765635848032405, 45.182217359989032 ], [ 11.960221174387119, 45.436021503974835 ], [ 11.207993057392345, 45.070179637745291 ] ] ] } },
{ "type": "Feature", "properties": { "province_id": "831ea6fffffffff", "name": "Italy 8", "country": "Italy", "neighbors": [ "831ea0fffffffff", "831ea2fffffffff", "831ea4fffffffff", "831eb5fffffffff", "831f99fffffffff", "831f9bfffffffff" ], "centroid_lon": 10.466739988993238, "centroid_lat": 44.697795868480775, "land_frac": 1.0 }, "geometry": { "type": "Polygon", "coordinates": [ [ [ 9.66636240588379, 44.937923961585263 ], [ 9.731941138498389, 44.323804866147483 ], [ 10.524863506730597, 44.082047500235014 ], [ 11.262523096654302, 44.453696394328126 ], [ 11.207993057392345, 45.070179637745291 ], [ 10.404666738862085, 45.312696334143617 ], [ 9.66636240588379, 44.937923961585263 ] ] ] } },
{ "type": "Feature", "properties": { "province_id": "831f9bfffffffff", "name": "Italy 9", "country": "Italy", "neighbors": [ "831ea6fffffffff", "831eb4fffffffff", "831eb5fffffffff", "831f98fffffffff", "831f99fffffffff", "831f9afffffffff" ], "centroid_lon": 8.9395063691208048, "centroid_lat": 44.556984758947991, "land_frac": 0.7681 }, "geometry": { "type": "Polygon", "coordinates": [ [ [ 8.142693263103396, 44.786129275257466 ], [ 8.218969899380502, 44.174658962164948 ], [ 9.00823946854122, 43.943706627581975 ], [ 9.731941138498389, 44.323804866147483 ], [ 9.66636240588379, 44.937923961585263 ], [ 8.866286264846664, 45.169339401382778 ], [ 8.142693263103396, 44.786129275257466 ] ] ] } },
{ "type": "Feature", "properties": { "province_id": "831f9afffffffff", "name": "Italy 10", "country": "Italy", "neighbors": [ "831eb4fffffffff", "831f98fffffffff", "831f9bfffffffff", "831f9efffffffff", "833969fffffffff", "83396dfffffffff" ], "centroid_lon": 7.4309578942584542, "centroid_lat": 44.3971430060881, "land_frac": 1.0 }, "geometry": { "type": "Polygon", "coordinates": [ [ [ 6.63878847895068, 44.615540304793761 ], [ 6.725378363373693, 44.00698986609023 ], [ 7.509948481928892, 43.786609353945025 ], [ 8.218969899380502, 44.174658962164948 ], [ 8.142693263103396, 44.786129275257466 ], [ 7.346975606452316, 45.006670100412435 ], [ 6.63878847895068, 44.615540304793761 ] ] ] } },
{ "type": "Feature", "properties": { "province_id": "831ea3fffffffff", "name": "Italy 11", "country": "Italy", "neighbors": [ "831e84fffffffff", "831e85fffffffff", "831ea0fffffffff", "831ea1fffffffff", "831ea2fffffffff", "831eaefffffffff" ], "centroid_lon": 12.852542272486183, "centroid_lat": 43.939579828137489, "land_frac": 0.5066 }, "geometry": { "type": "Polygon", "coordinates": [ [ [ 12.057997356551253, 44.200938596399773 ], [ 12.105805678875711, 43.577473054788165 ], [ 12.893236601369965, 43.314734557137335 ], [ 13.642238671206664, 43.674337444107124 ], [ 13.60568353944956, 44.299754694765888 ], [ 12.808805081104872, 44.563667028991937 ], [ 12.057997356551253, 44.200938596399773 ] ] ] } },
{ "type": "Feature", "properties": { "province_id": "831ea2fffffffff", "name": "Italy 12", "country": "Italy", "neighbors": [ "831e84fffffffff", "831ea0fffffffff", "831ea3fffffffff", "831ea6fffffffff", "831eb1fffffffff", "831eb5fffffffff" ], "centroid_lon": 11.317664795505168, "centroid_lat": 43.831745886456154, "land_frac": 1.0 }, "geometry": { "type": "Polygon", "coordinates": [ [ [ 10.524863506730597, 44.082047500235014 ], [ 10.583645659778345, 43.460840295423097 ], [ 11.369192842854787, 43.208976625324894 ], [ 12.105805678875711, 43.577473054788165 ], [ 12.057997356551253, 44.200938596399773 ], [ 11.262523096654302, 44.453696394328126 ], [ 10.524863506730597, 44.082047500235014 ] ] ] } },
{ "type": "Feature", "properties": { "province_id": "831eb5fffffffff", "name": "Italy 13", "country": "Italy", "neighbors": [ "831ea2fffffffff", "831ea6fffffffff", "831eb0fffffffff", "831eb1fffffffff", "831eb4fffffffff", "831f9bfffffffff" ], "centroid_lon": 9.798173895672706, "centroid_lat": 43.704296403511044, "land_frac": 0.2346 }, "geometry": { "type": "Polygon", "coordinates": [ [ [ 9.00823946854122, 43.943706627581975 ], [ 9.077676719315573, 43.325052555850263 ], [ 9.860249890257377, 43.08389953721246 ], [ 10.583645659778345, 43.460840295423097 ], [ 10.524863506730597, 44.082047500235014 ], [ 9.731941138498389, 44.323804866147483 ], [ 9.00823946854122, 43.943706627581975 ] ] ] } },
{ "type": "Feature", "properties": { "province_id": "831eb4fffffffff", "name": "Italy 14", "country": "Italy", "neighbors": [ "831eb0fffffffff", "831eb5fffffffff", "831f9afffffffff", "831f9bfffffffff", "833969fffffffff" ], "centroid_lon": 8.2959416726474355, "centroid_lat": 43.557884896722165, "land_frac": 0.0654 }, "geometry": { "type": "Polygon", "coordinates": [ [ [ 7.509948481928892, 43.786609353945025 ], [ 7.589687114332628, 43.170790163168761 ], [ 8.368243995727919, 42.940144882164866 ], [ 9.077676719315573, 43.325052555850263 ], [ 9.00823946854122, 43.943706627581975 ], [ 8.218969899380502, 44.174658962164948 ], [ 7.509948481928892, 43.786609353945025 ] ] ] } },
{ "type": "Feature", "properties": { "province_id": "831e85fffffffff", "name": "Italy 15", "country": "Italy", "neighbors": [ "831e80fffffffff", "831e81fffffffff", "831e84fffffffff", "831ea3fffffffff", "831eaefffffffff" ], "centroid_lon": 13.679346767737567, "centroid_lat": 43.043611870862627, "land_frac": 0.6227 }, "geometry": { "type": "Polygon", "coordinates": [ [ [ 12.893236601369965, 43.314734557137335 ], [ 12.934526673294695, 42.684579205016824 ], [ 13.713746413289719, 42.412148033252826 ], [ 14.460580787690896, 42.768617709615114 ], [ 14.430422720918044, 43.400601850602911 ], [ 13.642238671206664, 43.674337444107124 ], [ 12.893236601369965, 43.314734557137335 ] ] ] } },
{ "type": "Feature", "properties": { "province_id": "831e84fffffffff", "name": "Italy 16", "country": "Italy", "neighbors": [ "831e80fffffffff", "831e85fffffffff", "831e86fffffffff", "831ea2fffffffff", "831ea3fffffffff", "831eb1fffffffff" ], "centroid_lon": 12.154213916007851, "centroid_lat": 42.948762535899291, "land_frac": 1.0 }, "geometry": { "type": "Polygon", "coordinates": [ [ [ 11.369192842854787, 43.208976625324894 ], [ 11.421367043773088, 42.580965816734974 ], [ 12.19934080600965, 42.319259445834668 ], [ 12.934526673294695, 42.684579205016824 ], [ 12.893236601369965, 43.314734557137335 ], [ 12.105805678875711, 43.577473054788165 ], [ 11.369192842854787, 43.208976625324894 ] ] ] } },
{ "type": "Feature", "properties": { "province_id": "831eb1fffffffff", "name": "Italy 17", "country": "Italy", "neighbors": [ "831e84fffffffff", "831e86fffffffff", "831ea2fffffffff", "831eb0fffffffff", "831eb3fffffffff", "831eb5fffffffff" ], "centroid_lon": 10.64307308107283, "centroid_lat": 42.834459786114166, "land_frac": 0.4037 }, "geometry": { "type": "Polygon", "coordinates": [ [ [ 9.860249890257377, 43.08389953721246 ], [ 9.923020549313645, 42.458337830499516 ], [ 10.698671614875636, 42.207223134094015 ], [ 11.421367043773088, 42.580965816734974 ], [ 11.369192842854787, 43.208976625324894 ], [ 10.583645659778345, 43.460840295423097 ], [ 9.860249890257377, 43.08389953721246 ] ] ] } },
{ "type": "Feature", "properties": { "province_id": "831e8cfffffffff", "name": "Italy 18", "country": "Italy", "neighbors": [ "831e81fffffffff", "831e88fffffffff", "831e8dfffffffff", "831e8efffffffff", "831eabfffffffff" ], "centroid_lon": 16.01680851917979, "centroid_lat": 42.194002015393451, "land_frac": 0.129 }, "geometry": { "type": "Polygon", "coordinates": [ [ [ 15.239935584499452, 42.485370896970728 ], [ 15.263912788621157, 41.847142695993007 ], [ 16.034325630043799, 41.554723304933582 ], [ 16.788662230091312, 41.898894855224263 ], [ 16.775858250967914, 42.538488176268864 ], [ 15.997504911293937, 42.832596766968862 ], [ 15.239935584499452, 42.485370896970728 ] ] ] } },
{ "type": "Feature", "properties": { "province_id": "831e81fffffffff", "name": "Italy 19", "country": "Italy", "neighbors": [ "831e80fffffffff", "831e83fffffffff", "831e85fffffffff", "831e8cfffffffff", "831e8efffffffff" ], "centroid_lon": 14.491272954740284, "centroid_lat": 42.131574474564381, "land_frac": 0.6446 }, "geometry": { "type": "Polygon", "coordinates": [ [ [ 13.713746413289719, 42.412148033252826 ], [ 13.748722217035327, 41.775618312333179 ], [ 14.519585330995508, 41.493809735295471 ], [ 15.263912788621157, 41.847142695993007 ], [ 15.239935584499452, 42.485370896970728 ], [ 14.460580787690896, 42.768617709615114 ], [ 13.713746413289719, 42.412148033252826 ] ] ] } },
{ "type": "Feature", "properties": { "province_id": "831e80fffffffff", "name": "Italy 20", "country": "Italy", "neighbors": [ "831e81fffffffff", "831e82fffffffff", "831e83fffffffff", "831e84fffffffff", "831e85fffffffff", "831e86fffffffff" ], "centroid_lon": 12.976401019841633, "centroid_lat": 42.049421727393863, "land_frac": 0.9927 }, "geometry": { "type": "Polygon", "coordinates": [ [ [ 12.19934080600965, 42.319259445834668 ], [ 12.245097481036357, 41.684752604448761 ], [ 13.015321919303769, 41.413494866730481 ], [ 13.748722217035327, 41.775618312333179 ], [ 13.713746413289719, 42.412148033252826 ], [ 12.934526673294695, 42.684579205016824 ], [ 12.19934080600965, 42.319259445834668 ] ] ] } },
{ "type": "Feature", "properties": { "province_id": "831e86fffffffff", "name": "Italy 21", "country": "Italy", "neighbors": [ "831e80fffffffff", "831e82fffffffff", "831e84fffffffff", "831eb1fffffffff", "831eb3fffffffff" ], "centroid_lon": 11.474173884259374, "centroid_lat": 41.948018163976336, "land_frac": 0.2067 }, "geometry": { "type": "Polygon", "coordinates": [ [ [ 10.698671614875636, 42.207223134094015 ], [ 10.754951467911923, 41.575053049308146 ], [ 11.523476674845364, 41.314243741291534 ], [ 12.245097481036357, 41.684752604448761 ], [ 12.19934080600965, 42.319259445834668 ], [ 11.421367043773088, 42.580965816734974 ], [ 10.698671614875636, 42.207223134094015 ] ] ] } },
{ "type": "Feature", "properties": { "province_id": "831e88fffffffff", "name": "Italy 22", "country": "Italy", "neighbors": [ "831e8afffffffff", "831e8bfffffffff", "831e8cfffffffff", "831e8dfffffffff", "831e8efffffffff" ], "centroid_lon": 16.80192250097334, "centroid_lat": 41.254470286057661, "land_frac": 0.3937 }, "geometry": { "type": "Polygon", "coordinates": [ [ [ 16.034325630043799, 41.554723304933582 ], [ 16.052336679682664, 40.910596390965459 ], [ 16.813715783020211, 40.609368961030732 ], [ 17.564526417105004, 40.950501964099573 ], [ 17.557515976227407, 41.595849177935193 ], [ 16.788662230091312, 41.898894855224263 ], [ 16.034325630043799, 41.554723304933582 ] ] ] } },
{ "type": "Feature", "properties": { "province_id": "831e8efffffffff", "name": "Italy 23", "country": "Italy", "neighbors": [ "831e81fffffffff", "831e83fffffffff", "831e88fffffffff", "831e8afffffffff", "831e8cfffffffff", "831e9dfffffffff" ], "centroid_lon": 15.288401621124173, "centroid_lat": 41.204125115492658, "land_frac": 0.9898 }, "geometry": { "type": "Polygon", "coordinates": [ [ [ 14.519585330995508, 41.493809735295471 ], [ 14.548450654218142, 40.851243820848232 ], [ 15.310833033163711, 40.560399778880068 ], [ 16.052336679682664, 40.910596390965459 ], [ 16.034325630043799, 41.554723304933582 ], [ 15.263912788621157, 41.847142695993007 ], [ 14.519585330995508, 41.493809735295471 ] ] ] } },
{ "type": "Feature", "properties": { "province_id": "831e83fffffffff", "name": "Italy 24", "country": "Italy", "neighbors": [ "831e80fffffffff", "831e81fffffffff", "831e82fffffffff", "831e8efffffffff", "831e9dfffffffff" ], "centroid_lon": 13.784262980867295, "centroid_lat": 41.134349749410362, "land_frac": 0.5648 }, "geometry": { "type": "Polygon", "coordinates": [ [ [ 13.015321919303769, 41.413494866730481 ], [ 13.054852550697216, 40.772822470469514 ], [ 13.817173197450833, 40.492331991553357 ], [ 14.548450654218142, 40.851243820848232 ], [ 14.519585330995508, 41.493809735295471 ], [ 13.748722217035327, 41.775618312333179 ], [ 13.015321919303769, 41.413494866730481 ] ] ] } },
{ "type": "Feature", "properties": { "province_id": "831e82fffffffff", "name": "Italy 25", "country": "Italy", "neighbors": [ "831e80fffffffff", "831e83fffffffff", "831e86fffffffff" ], "centroid_lon": 12.291470472842773, "centroid_lat": 41.045565702870242, "land_frac": 0.0259 }, "geometry": { "type": "Polygon", "coordinates": [ [ [ 11.523476674845364, 41.314243741291534 ], [ 11.573443741563032, 40.675787570229467 ], [ 12.334660572794052, 40.405578471534618 ], [ 13.054852550697216, 40.772822470469514 ], [ 13.015321919303769, 41.413494866730481 ], [ 12.245097481036357, 41.684752604448761 ], [ 11.523476674845364, 41.314243741291534 ] ] ] } },
{ "type": "Feature", "properties": { "province_id": "831e94fffffffff", "name": "Italy 26", "country": "Italy", "neighbors": [ "831e90fffffffff", "831e96fffffffff", "831eb2fffffffff", "831eb3fffffffff", "833949fffffffff" ], "centroid_lon": 9.3473123105614864, "centroid_lat": 40.813026273645036, "land_frac": 0.6057 }, "geometry": { "type": "Polygon", "coordinates": [ [ [ 8.584298678288798, 41.061150089454593 ], [ 8.654308561404573, 40.428048012784657 ], [ 9.410321300084879, 40.178027016203771 ], [ 10.106029667804412, 40.560665627830268 ], [ 10.045891778993699, 41.196594158047255 ], [ 9.280090171039886, 41.447097365844776 ], [ 8.584298678288798, 41.061150089454593 ] ] ] } },
{ "type": "Feature", "properties": { "province_id": "833949fffffffff", "name": "Italy 27", "country": "Italy", "neighbors": [ "831e94fffffffff", "831e96fffffffff", "831eb2fffffffff" ], "centroid_lon": 7.8993720774116545, "centroid_lat": 40.670463460570275, "land_frac": 0.1362 }, "geometry": { "type": "Polygon", "coordinates": [ [ [ 7.14030848684221, 40.908574553833517 ], [ 7.219862116134411, 40.278584009301177 ], [ 7.971856217497732, 40.038397476312355 ], [ 8.654308561404573, 40.428048012784657 ], [ 8.584298678288798, 41.061150089454593 ], [ 7.822201898923278, 41.301526551700967 ], [ 7.14030848684221, 40.908574553833517 ] ] ] } },
{ "type": "Feature", "properties": { "province_id": "831e8bfffffffff", "name": "Italy 28", "country": "Italy", "neighbors": [ "831e88fffffffff", "831e8afffffffff", "831ed6fffffffff", "833f24fffffffff", "833f25fffffffff" ], "centroid_lon": 17.571964217251281, "centroid_lat": 40.300619584458232, "land_frac": 0.4315 }, "geometry": { "type": "Polygon", "coordinates": [ [ [ 16.813715783020211, 40.609368961030732 ], [ 16.825973298982561, 39.959710714037627 ], [ 17.57824657603275, 39.650064781049068 ], [ 18.325260281104836, 39.988177963363235 ], [ 18.32382268193221, 40.638905401682933 ], [ 17.564526417105004, 40.950501964099573 ], [ 16.813715783020211, 40.609368961030732 ] ] ] } },
{ "type": "Feature", "properties": { "province_id": "831e8afffffffff", "name": "Italy 29", "country": "Italy", "neighbors": [ "831e88fffffffff", "831e8bfffffffff", "831e8efffffffff", "831e99fffffffff", "831e9dfffffffff", "833f24fffffffff" ], "centroid_lon": 16.070833562286957, "centroid_lat": 40.261969926792787, "land_frac": 0.8912 }, "geometry": { "type": "Polygon", "coordinates": [ [ [ 15.310833033163711, 40.560399778880068 ], [ 15.333790820391876, 39.912158164648474 ], [ 16.087588600126519, 39.612646497839734 ], [ 16.825973298982561, 39.959710714037627 ], [ 16.813715783020211, 40.609368961030732 ], [ 16.052336679682664, 40.910596390965459 ], [ 15.310833033163711, 40.560399778880068 ] ] ] } },
{ "type": "Feature", "properties": { "province_id": "831e9dfffffffff", "name": "Italy 30", "country": "Italy", "neighbors": [ "831e83fffffffff", "831e8afffffffff", "831e8efffffffff", "831e99fffffffff" ], "centroid_lon": 14.577858193691934, "centroid_lat": 40.2042224749623, "land_frac": 0.1808 }, "geometry": { "type": "Polygon", "coordinates": [ [ [ 13.817173197450833, 40.492331991553357 ], [ 13.850669635595963, 39.845847077403228 ], [ 14.604952521343332, 39.556469137405287 ], [ 15.333790820391876, 39.912158164648474 ], [ 15.310833033163711, 40.560399778880068 ], [ 14.548450654218142, 40.851243820848232 ], [ 13.817173197450833, 40.492331991553357 ] ] ] } },
{ "type": "Feature", "properties": { "province_id": "831e90fffffffff", "name": "Italy 31", "country": "Italy", "neighbors": [ "831e92fffffffff", "831e94fffffffff", "831e96fffffffff" ], "centroid_lon": 10.166866350299085, "centroid_lat": 39.920460933315802, "land_frac": 0.1207 }, "geometry": { "type": "Polygon", "coordinates": [ [ [ 9.410321300084879, 40.178027016203771 ], [ 9.474081816883411, 39.538754334650932 ], [ 10.223799458987129, 39.279363416985809 ], [ 10.919064370732285, 39.658636422742497 ], [ 10.865131289383706, 40.30062555277312 ], [ 10.106029667804412, 40.560665627830268 ], [ 9.410321300084879, 40.178027016203771 ] ] ] } },
{ "type": "Feature", "properties": { "province_id": "831e96fffffffff", "name": "Italy 32", "country": "Italy", "neighbors": [ "831e90fffffffff", "831e92fffffffff", "831e94fffffffff", "833865fffffffff", "833949fffffffff" ], "centroid_lon": 8.7250652295267574, "centroid_lat": 39.790743548627887, "land_frac": 0.7294 }, "geometry": { "type": "Polygon", "coordinates": [ [ [ 7.971856217497732, 40.038397476312355 ], [ 8.045142114241338, 39.402136368971789 ], [ 8.791438870868385, 39.152476982622282 ], [ 9.474081816883411, 39.538754334650932 ], [ 9.410321300084879, 40.178027016203771 ], [ 8.654308561404573, 40.428048012784657 ], [ 7.971856217497732, 40.038397476312355 ] ] ] } },
{ "type": "Feature", "properties": { "province_id": "833f25fffffffff", "name": "Italy 33", "country": "Italy", "neighbors": [ "831e8bfffffffff", "831ed2fffffffff", "831ed6fffffffff", "833f24fffffffff" ], "centroid_lon": 18.327093470175647, "centroid_lat": 39.333230859955663, "land_frac": 0.0174 }, "geometry": { "type": "Polygon", "coordinates": [ [ [ 17.57824657603275, 39.650064781049068 ], [ 17.584960563154272, 38.995263922499944 ], [ 18.32807440171015, 38.677612910492932 ], [ 19.071041683684911, 39.01272761614478 ], [ 19.074960024516955, 39.668440670168167 ], [ 18.325260281104836, 39.988177963363235 ], [ 17.57824657603275, 39.650064781049068 ] ] ] } },
{ "type": "Feature", "properties": { "province_id": "833f24fffffffff", "name": "Italy 34", "country": "Italy", "neighbors": [ "831e8afffffffff", "831e8bfffffffff", "831e99fffffffff", "833f25fffffffff", "833f26fffffffff" ], "centroid_lon": 16.838687829253352, "centroid_lat": 39.30586230708532, "land_frac": 0.5252 }, "geometry": { "type": "Polygon", "coordinates": [ [ [ 16.087588600126519, 39.612646497839734 ], [ 16.104840364751869, 38.95911137678511 ], [ 16.849968824268633, 38.651324846885736 ], [ 17.584960563154272, 38.995263922499944 ], [ 17.57824657603275, 39.650064781049068 ], [ 16.825973298982561, 39.959710714037627 ], [ 16.087588600126519, 39.612646497839734 ] ] ] } },
{ "type": "Feature", "properties": { "province_id": "831e99fffffffff", "name": "Italy 35", "country": "Italy", "neighbors": [ "831e8afffffffff", "831e9bfffffffff", "831e9dfffffffff", "833f24fffffffff", "833f26fffffffff" ], "centroid_lon": 15.357264916120744, "centroid_lat": 39.259764172563322, "land_frac": 0.043 }, "geometry": { "type": "Polygon", "coordinates": [ [ [ 14.604952521343332, 39.556469137405287 ], [ 14.632606351832786, 38.904546753604173 ], [ 15.378737038392073, 38.606652444099886 ], [ 16.104840364751869, 38.95911137678511 ], [ 16.087588600126519, 39.612646497839734 ], [ 15.333790820391876, 39.912158164648474 ], [ 14.604952521343332, 39.556469137405287 ] ] ] } },
{ "type": "Feature", "properties": { "province_id": "831e92fffffffff", "name": "Italy 36", "country": "Italy", "neighbors": [ "831e90fffffffff", "831e96fffffffff", "833865fffffffff" ], "centroid_lon": 9.5385738350799159, "centroid_lat": 38.895555534003499, "land_frac": 0.1481 }, "geometry": { "type": "Polygon", "coordinates": [ [ [ 8.791438870868385, 39.152476982622282 ], [ 8.858598394855894, 38.510286373469945 ], [ 9.598984700477279, 38.251432741462928 ], [ 10.28146568799907, 38.634270407726099 ], [ 10.223799458987129, 39.279363416985809 ], [ 9.474081816883411, 39.538754334650932 ], [ 8.791438870868385, 39.152476982622282 ] ] ] } },
{ "type": "Feature", "properties": { "province_id": "833865fffffffff", "name": "Italy 37", "country": "Italy", "neighbors": [ "831e92fffffffff", "831e96fffffffff" ], "centroid_lon": 8.1192076831011164, "centroid_lat": 38.762022157344731, "land_frac": 0.0671 }, "geometry": { "type": "Polygon", "coordinates": [ [ [ 7.375721272417791, 39.00932034069168 ], [ 7.452070145089476, 38.370323028179769 ], [ 8.18873461138916, 38.120913723134485 ], [ 8.858598394855894, 38.510286373469945 ], [ 8.791438870868385, 39.152476982622282 ], [ 8.045142114241338, 39.402136368971789 ], [ 7.375721272417791, 39.00932034069168 ] ] ] } },
{ "type": "Feature", "properties": { "province_id": "833f26fffffffff", "name": "Italy 38", "country": "Italy", "neighbors": [ "831e99fffffffff", "831e9bfffffffff", "833f24fffffffff", "833f35fffffffff" ], "centroid_lon": 16.1225796482425, "centroid_lat": 38.301745905950561, "land_frac": 0.375 }, "geometry": { "type": "Polygon", "coordinates": [ [ [ 15.378737038392073, 38.606652444099886 ], [ 15.400739003561659, 37.949688894630107 ], [ 16.138621598478942, 37.643674064784825 ], [ 16.861714119431308, 37.99289928119871 ], [ 16.849968824268633, 38.651324846885736 ], [ 16.104840364751869, 38.95911137678511 ], [ 15.378737038392073, 38.606652444099886 ] ] ] } },
{ "type": "Feature", "properties": { "province_id": "831e9bfffffffff", "name": "Italy 39", "country": "Italy", "neighbors": [ "831e99fffffffff", "831e9afffffffff", "833f26fffffffff", "833f34fffffffff", "833f35fffffffff" ], "centroid_lon": 14.660807532191116, "centroid_lat": 38.248833311463763, "land_frac": 0.3578 }, "geometry": { "type": "Polygon", "coordinates": [ [ [ 13.916255338564197, 38.543907606156182 ], [ 13.948364129542609, 37.888751863204718 ], [ 14.686761227226119, 37.592381129764405 ], [ 15.400739003561659, 37.949688894630107 ], [ 15.378737038392073, 38.606652444099886 ], [ 14.632606351832786, 38.904546753604173 ], [ 13.916255338564197, 38.543907606156182 ] ] ] } },
{ "type": "Feature", "properties": { "province_id": "831e9afffffffff", "name": "Italy 40", "country": "Italy", "neighbors": [ "831e9bfffffffff", "833869fffffffff", "833f34fffffffff" ], "centroid_lon": 13.208607677925212, "centroid_lat": 38.178208144667764, "land_frac": 0.4067 }, "geometry": { "type": "Polygon", "coordinates": [ [ [ 12.464332275074666, 38.463475909424488 ], [ 12.506361521638411, 37.810464603533049 ], [ 13.244313475659816, 37.523712365785201 ], [ 13.948364129542609, 37.888751863204718 ], [ 13.916255338564197, 38.543907606156182 ], [ 13.170121779231016, 38.831923509944055 ], [ 12.464332275074666, 38.463475909424488 ] ] ] } },
{ "type": "Feature", "properties": { "province_id": "833f35fffffffff", "name": "Italy 41", "country": "Italy", "neighbors": [ "831e9bfffffffff", "833f26fffffffff", "833f30fffffffff", "833f34fffffffff" ], "centroid_lon": 15.423259489674656, "centroid_lat": 37.28926817456405, "land_frac": 0.2997 }, "geometry": { "type": "Polygon", "coordinates": [ [ [ 14.686761227226119, 37.592381129764405 ], [ 14.713278156528173, 36.932450195269773 ], [ 15.443833085823382, 36.628123397737966 ], [ 16.155161072354524, 36.982085941586341 ], [ 16.138621598478942, 37.643674064784825 ], [ 15.400739003561659, 37.949688894630107 ], [ 14.686761227226119, 37.592381129764405 ] ] ] } },
{ "type": "Feature", "properties": { "province_id": "833f34fffffffff", "name": "Italy 42", "country": "Italy", "neighbors": [ "831e9afffffffff", "831e9bfffffffff", "833869fffffffff", "833f30fffffffff", "833f35fffffffff" ], "centroid_lon": 13.98105152985227, "centroid_lat": 37.230179058173015, "land_frac": 0.624 }, "geometry": { "type": "Polygon", "coordinates": [ [ [ 13.244313475659816, 37.523712365785201 ], [ 13.280645677481374, 36.865782432481431 ], [ 14.011260405769431, 36.570846602416189 ], [ 14.713278156528173, 36.932450195269773 ], [ 14.686761227226119, 37.592381129764405 ], [ 13.948364129542609, 37.888751863204718 ], [ 13.244313475659816, 37.523712365785201 ] ] ] } },
{ "type": "Feature", "properties": { "province_id": "833869fffffffff", "name": "Italy 43", "country": "Italy", "neighbors": [ "831e9afffffffff", "833868fffffffff", "833f34fffffffff" ], "centroid_lon": 12.549027095579527, "centroid_lat": 37.154083056428178, "land_frac": 0.0666 }, "geometry": { "type": "Polygon", "coordinates": [ [ [ 11.812995637919421, 37.438073471925946 ], [ 11.858946974130328, 36.782478366236965 ], [ 12.588701048800971, 36.496897567363845 ], [ 13.280645677481374, 36.865782432481431 ], [ 13.244313475659816, 37.523712365785201 ], [ 12.506361521638411, 37.810464603533049 ], [ 11.812995637919421, 37.438073471925946 ] ] ] } },
{ "type": "Feature", "properties": { "province_id": "833f30fffffffff", "name": "Italy 44", "country": "Italy", "neighbors": [ "833f34fffffffff", "833f35fffffffff" ], "centroid_lon": 14.740344773356703, "centroid_lat": 36.26944706527582, "land_frac": 0.0757 }, "geometry": { "type": "Polygon", "coordinates": [ [ [ 14.011260405769431, 36.570846602416189 ], [ 14.042065854992616, 35.908420079909654 ], [ 14.765229092440475, 35.605702134275568 ], [ 15.4649376468693, 35.963846487635948 ], [ 15.443833085823382, 36.628123397737966 ], [ 14.713278156528173, 36.932450195269773 ], [ 14.011260405769431, 36.570846602416189 ] ] ] } },
{ "type": "Feature", "properties": { "province_id": "831ef3fffffffff", "name": "Kosovo 1", "country": "Kosovo", "neighbors": [ "831ec6fffffffff", "831ed4fffffffff", "831ed5fffffffff", "831ef0fffffffff", "831ef1fffffffff", "831ef2fffffffff" ], "centroid_lon": 20.636357210133681, "centroid_lat": 42.259422785057559, "land_frac": 1.0 }, "geometry": { "type": "Polygon", "coordinates": [ [ [ 19.86831048946264, 42.583070485313542 ], [ 19.858429080343839, 41.941774202875756 ], [ 20.620804510951704, 41.617614793604602 ], [ 21.399101929132794, 41.932467779595811 ], [ 21.420398606460473, 42.574092952528538 ], [ 20.651982080158227, 42.900591224292839 ], [ 19.86831048946264, 42.583070485313542 ] ] ] } },
{ "type": "Feature", "properties": { "province_id": "833f0afffffffff", "name": "Libya 1", "country": "Libya", "neighbors": [ "833e24fffffffff", "833f0bfffffffff", "833f19fffffffff" ], "centroid_lon": 21.148237074306621, "centroid_lat": 33.323818280922808, "land_frac": 0.0306 }, "geometry": { "type": "Polygon", "coordinates": [ [ [ 20.4513671433794, 33.671288335931571 ], [ 20.438474684837644, 32.99510202941628 ], [ 21.130742457784208, 32.647134326148048 ], [ 21.840714237863782, 32.972625816262479 ], [ 21.863049527568229, 33.649064773210192 ], [ 21.165973156609109, 33.999807092389183 ], [ 20.4513671433794, 33.671288335931571 ] ] ] } },
{ "type": "Feature", "properties": { "province_id": "833f0bfffffffff", "name": "Libya 2", "country": "Libya", "neighbors": [ "833e24fffffffff", "833e25fffffffff", "833f0afffffffff" ], "centroid_lon": 22.55529635682754, "centroid_lat": 33.293529986744538, "land_frac": 0.064 }, "geometry": { "type": "Polygon", "coordinates": [ [ [ 21.863049527568229, 33.649064773210192 ], [ 21.840714237863782, 32.972625816262479 ], [ 22.528632059727595, 32.616773033431393 ], [ 23.24317489424228, 32.93445208208275 ], [ 23.274928882247419, 33.610769276122504 ], [ 22.582733454019646, 33.969576677365325 ], [ 21.863049527568229, 33.649064773210192 ] ] ] } },
{ "type": "Feature", "properties": { "province_id": "833f16fffffffff", "name": "Libya 3", "country": "Libya", "neighbors": [ "83384bfffffffff", "833f12fffffffff", "833fa5fffffffff" ], "centroid_lon": 14.162173887712532, "centroid_lat": 33.239164686474254, "land_frac": 0.0357 }, "geometry": { "type": "Polygon", "coordinates": [ [ [ 13.455074459780356, 33.544430061639488 ], [ 13.488580338198274, 32.875015477254713 ], [ 14.190004274406586, 32.568316982227032 ], [ 14.86499991459138, 32.929416396901956 ], [ 14.840556390865798, 33.600900352802093 ], [ 14.132014214545372, 33.909256874104358 ], [ 13.455074459780356, 33.544430061639488 ] ] ] } },
{ "type": "Feature", "properties": { "province_id": "83384bfffffffff", "name": "Libya 4", "country": "Libya", "neighbors": [ "83384afffffffff", "833f16fffffffff", "833fa4fffffffff", "833fa5fffffffff" ], "centroid_lon": 12.786201659891226, "centroid_lat": 33.176314769146806, "land_frac": 0.1826 }, "geometry": { "type": "Polygon", "coordinates": [ [ [ 12.079615513237309, 33.473010553995614 ], [ 12.122014573404027, 32.806005227393335 ], [ 12.82277571149109, 32.507689085512915 ], [ 13.488580338198274, 32.875015477254713 ], [ 13.455074459780356, 33.544430061639488 ], [ 12.74682252792257, 33.844148011757255 ], [ 12.079615513237309, 33.473010553995614 ] ] ] } },
{ "type": "Feature", "properties": { "province_id": "833f19fffffffff", "name": "Libya 5", "country": "Libya", "neighbors": [ "833e24fffffffff", "833e26fffffffff", "833f0afffffffff", "833f1bfffffffff" ], "centroid_lon": 20.425853469581035, "centroid_lat": 32.317355411635788, "land_frac": 0.5723 }, "geometry": { "type": "Polygon", "coordinates": [ [ [ 19.733916886381046, 32.661986398203588 ], [ 19.725906248021062, 31.984140116904531 ], [ 20.413200181509229, 31.638915890666588 ], [ 21.113476883106376, 31.968841160071275 ], [ 21.130742457784208, 32.647134326148048 ], [ 20.438474684837644, 32.99510202941628 ], [ 19.733916886381046, 32.661986398203588 ] ] ] } },
{ "type": "Feature", "properties": { "province_id": "833e24fffffffff", "name": "Libya 6", "country": "Libya", "neighbors": [ "833e20fffffffff", "833e25fffffffff", "833e26fffffffff", "833f0afffffffff", "833f0bfffffffff", "833f19fffffffff" ], "centroid_lon": 21.818576518415856, "centroid_lat": 32.294624857714467, "land_frac": 0.9954 }, "geometry": { "type": "Polygon", "coordinates": [ [ [ 21.130742457784208, 32.647134326148048 ], [ 21.113476883106376, 31.968841160071275 ], [ 21.796927273836292, 31.615920355119844 ], [ 22.502117777420587, 31.938407644033745 ], [ 22.528632059727595, 32.616773033431393 ], [ 21.840714237863782, 32.972625816262479 ], [ 21.130742457784208, 32.647134326148048 ] ] ] } },
{ "type": "Feature", "properties": { "province_id": "833e25fffffffff", "name": "Libya 7", "country": "Libya", "neighbors": [ "833e20fffffffff", "833e21fffffffff", "833e24fffffffff", "833f0bfffffffff", "833f52fffffffff" ], "centroid_lon": 23.211543363158597, "centroid_lat": 32.256576285835045, "land_frac": 0.6413 }, "geometry": { "type": "Polygon", "coordinates": [ [ [ 22.528632059727595, 32.616773033431393 ], [ 22.502117777420587, 31.938407644033745 ], [ 23.180920756798386, 31.577977344375295 ], [ 23.890198820187393, 31.892854805286873 ], [ 23.925922795724286, 32.570917458137558 ], [ 23.24317489424228, 32.93445208208275 ], [ 22.528632059727595, 32.616773033431393 ] ] ] } },
{ "type": "Feature", "properties": { "province_id": "833f12fffffffff", "name": "Libya 8", "country": "Libya", "neighbors": [ "833f16fffffffff", "833fa1fffffffff", "833fa5fffffffff", "833facfffffffff" ], "centroid_lon": 14.889990147196244, "centroid_lat": 32.256427962723741, "land_frac": 0.6147 }, "geometry": { "type": "Polygon", "coordinates": [ [ [ 14.190004274406586, 32.568316982227032 ], [ 14.218429882391503, 31.895933165388254 ], [ 14.912927723127964, 31.58270186949618 ], [ 15.585736549921327, 31.940044554980375 ], [ 15.566269732388477, 32.614333507811558 ], [ 14.86499991459138, 32.929416396901956 ], [ 14.190004274406586, 32.568316982227032 ] ] ] } },
{ "type": "Feature", "properties": { "province_id": "833fa5fffffffff", "name": "Libya 9", "country": "Libya", "neighbors": [ "83384bfffffffff", "833f12fffffffff", "833f16fffffffff", "833fa0fffffffff", "833fa1fffffffff", "833fa4fffffffff" ], "centroid_lon": 13.522695961305359, "centroid_lat": 32.204121787142853, "land_frac": 0.9891 }, "geometry": { "type": "Polygon", "coordinates": [ [ [ 12.82277571149109, 32.507689085512915 ], [ 12.860010692043591, 31.837556052989658 ], [ 13.55428386215598, 31.53245902760829 ], [ 14.218429882391503, 31.895933165388254 ], [ 14.190004274406586, 32.568316982227032 ], [ 13.488580338198274, 32.875015477254713 ], [ 12.82277571149109, 32.507689085512915 ] ] ] } },
{ "type": "Feature", "properties": { "province_id": "833f52fffffffff", "name": "Libya 10", "country": "Libya", "neighbors": [ "833e21fffffffff", "833e25fffffffff", "833e2cfffffffff", "833f53fffffffff" ], "centroid_lon": 24.603109366281011, "centroid_lat": 32.203257738163408, "land_frac": 0.2701 }, "geometry": { "type": "Polygon", "coordinates": [ [ [ 23.925922795724286, 32.570917458137558 ], [ 23.890198820187393, 31.892854805286873 ], [ 24.563567070509212, 31.525134298050116 ], [ 25.276093837350619, 31.832262835513006 ], [ 25.320956036373659, 32.509649398624923 ], [ 24.644177749772041, 32.880629577731874 ], [ 23.925922795724286, 32.570917458137558 ] ] ] } },
{ "type": "Feature", "properties": { "province_id": "833fa4fffffffff", "name": "Libya 11", "country": "Libya", "neighbors": [ "83384afffffffff", "83384bfffffffff", "833859fffffffff", "833fa0fffffffff", "833fa5fffffffff", "833fa6fffffffff" ], "centroid_lon": 12.165083746465857, "centroid_lat": 32.137550252572623, "land_frac": 0.9483 }, "geometry": { "type": "Polygon", "coordinates": [ [ [ 11.466035435670603, 32.432807380977003 ], [ 11.511903307981575, 31.765260034653007 ], [ 12.205167409117514, 31.468287719148702 ], [ 12.860010692043591, 31.837556052989658 ], [ 12.82277571149109, 32.507689085512915 ], [ 12.122014573404027, 32.806005227393335 ], [ 11.466035435670603, 32.432807380977003 ] ] ] } },
{ "type": "Feature", "properties": { "province_id": "833f1afffffffff", "name": "Libya 12", "country": "Libya", "neighbors": [ "833e34fffffffff", "833f1bfffffffff", "833fadfffffffff" ], "centroid_lon": 18.342621636640072, "centroid_lat": 31.306198049508588, "land_frac": 0.4663 }, "geometry": { "type": "Polygon", "coordinates": [ [ [ 17.652978872400471, 31.640194642831482 ], [ 17.658676960966851, 30.962219363328618 ], [ 18.343416368196834, 30.627348055134043 ], [ 19.028026649881156, 30.967994735212873 ], [ 19.031351178521369, 31.646980576172197 ], [ 18.341028461314895, 31.984354155931165 ], [ 17.652978872400471, 31.640194642831482 ] ] ] } },
{ "type": "Feature", "properties": { "province_id": "833f1bfffffffff", "name": "Libya 13", "country": "Libya", "neighbors": [ "833e26fffffffff", "833e34fffffffff", "833e35fffffffff", "833f19fffffffff", "833f1afffffffff" ], "centroid_lon": 19.718199605406458, "centroid_lat": 31.30515739730544, "land_frac": 0.4897 }, "geometry": { "type": "Polygon", "coordinates": [ [ [ 19.031351178521369, 31.646980576172197 ], [ 19.028026649881156, 30.967994735212873 ], [ 19.71019898162297, 30.625482809106689 ], [ 20.400811447493837, 30.959290246190751 ], [ 20.413200181509229, 31.638915890666588 ], [ 19.725906248021062, 31.984140116904531 ], [ 19.031351178521369, 31.646980576172197 ] ] ] } },
{ "type": "Feature", "properties": { "province_id": "833fadfffffffff", "name": "Libya 14", "country": "Libya", "neighbors": [ "833f1afffffffff", "833facfffffffff" ], "centroid_lon": 16.971279440946827, "centroid_lat": 31.292640079697279, "land_frac": 0.2514 }, "geometry": { "type": "Polygon", "coordinates": [ [ [ 16.27965777673403, 31.618700714362603 ], [ 16.29430620340035, 30.942101761218968 ], [ 16.980816275783226, 30.614978968989501 ], [ 17.658676960966851, 30.962219363328618 ], [ 17.652978872400471, 31.640194642831482 ], [ 16.96044726388817, 31.969596942090185 ], [ 16.27965777673403, 31.618700714362603 ] ] ] } },
{ "type": "Feature", "properties": { "province_id": "833e26fffffffff", "name": "Libya 15", "country": "Libya", "neighbors": [ "833e20fffffffff", "833e24fffffffff", "833e35fffffffff", "833f19fffffffff", "833f1bfffffffff" ], "centroid_lon": 21.09644213409543, "centroid_lat": 31.289408641809938, "land_frac": 0.7648 }, "geometry": { "type": "Polygon", "coordinates": [ [ [ 20.413200181509229, 31.638915890666588 ], [ 20.400811447493837, 30.959290246190751 ], [ 21.07962245013578, 30.609277735861159 ], [ 21.775464035941003, 30.936028828754381 ], [ 21.796927273836292, 31.615920355119844 ], [ 21.113476883106376, 31.968841160071275 ], [ 20.413200181509229, 31.638915890666588 ] ] ] } },
{ "type": "Feature", "properties": { "province_id": "833facfffffffff", "name": "Libya 16", "country": "Libya", "neighbors": [ "833f12fffffffff", "833fa1fffffffff", "833fadfffffffff" ], "centroid_lon": 15.605715217357604, "centroid_lat": 31.264653529679986, "land_frac": 0.159 }, "geometry": { "type": "Polygon", "coordinates": [ [ [ 14.912927723127964, 31.58270186949618 ], [ 14.936424457893059, 30.90783825425471 ], [ 15.623912067518278, 30.588539864867592 ], [ 16.29430620340035, 30.942101761218968 ], [ 16.27965777673403, 31.618700714362603 ], [ 15.585736549921327, 31.940044554980375 ], [ 14.912927723127964, 31.58270186949618 ] ] ] } },
{ "type": "Feature", "properties": { "province_id": "833e20fffffffff", "name": "Libya 17", "country": "Libya", "neighbors": [ "833e21fffffffff", "833e23fffffffff", "833e24fffffffff", "833e25fffffffff", "833e26fffffffff" ], "centroid_lon": 22.475759621343599, "centroid_lat": 31.258904411539412, "land_frac": 0.8861 }, "geometry": { "type": "Polygon", "coordinates": [ [ [ 21.796927273836292, 31.615920355119844 ], [ 21.775464035941003, 30.936028828754381 ], [ 22.450127103077627, 30.578687654974221 ], [ 23.150404248021008, 30.898195148082046 ], [ 23.180920756798386, 31.577977344375295 ], [ 22.502117777420587, 31.938407644033745 ], [ 21.796927273836292, 31.615920355119844 ] ] ] } },
{ "type": "Feature", "properties": { "province_id": "833fa1fffffffff", "name": "Libya 18", "country": "Libya", "neighbors": [ "833f12fffffffff", "833fa0fffffffff", "833fa5fffffffff", "833facfffffffff" ], "centroid_lon": 14.247432017519031, "centroid_lat": 31.222466763398057, "land_frac": 0.1558 }, "geometry": { "type": "Polygon", "coordinates": [ [ [ 13.55428386215598, 31.53245902760829 ], [ 13.586498382114632, 30.859681340309528 ], [ 14.274178980520038, 30.54825171438155 ], [ 14.936424457893059, 30.90783825425471 ], [ 14.912927723127964, 31.58270186949618 ], [ 14.218429882391503, 31.895933165388254 ], [ 13.55428386215598, 31.53245902760829 ] ] ] } },
{ "type": "Feature", "properties": { "province_id": "833e21fffffffff", "name": "Libya 19", "country": "Libya", "neighbors": [ "833e20fffffffff", "833e23fffffffff", "833e25fffffffff", "833e2cfffffffff", "833e2efffffffff", "833f52fffffffff" ], "centroid_lon": 23.854555019092935, "centroid_lat": 31.213660266668548, "land_frac": 0.9714 }, "geometry": { "type": "Polygon", "coordinates": [ [ [ 23.180920756798386, 31.577977344375295 ], [ 23.150404248021008, 30.898195148082046 ], [ 23.820145868465431, 30.533728493024046 ], [ 24.524049933195698, 30.845836043005484 ], [ 24.563567070509212, 31.525134298050116 ], [ 23.890198820187393, 31.892854805286873 ], [ 23.180920756798386, 31.577977344375295 ] ] ] } },
{ "type": "Feature", "properties": { "province_id": "833fa0fffffffff", "name": "Libya 20", "country": "Libya", "neighbors": [ "833fa1fffffffff", "833fa4fffffffff", "833fa5fffffffff", "833fa6fffffffff" ], "centroid_lon": 12.897884266636336, "centroid_lat": 31.166363592814989, "land_frac": 0.0654 }, "geometry": { "type": "Polygon", "coordinates": [ [ [ 12.205167409117514, 31.468287719148702 ], [ 12.245942244185423, 30.797936573064277 ], [ 12.933044932240652, 30.494389369988756 ], [ 13.586498382114632, 30.859681340309528 ], [ 13.55428386215598, 31.53245902760829 ], [ 12.860010692043591, 31.837556052989658 ], [ 12.205167409117514, 31.468287719148702 ] ] ] } },
{ "type": "Feature", "properties": { "province_id": "833fa6fffffffff", "name": "Libya 21", "country": "Libya", "neighbors": [ "833859fffffffff", "833fa0fffffffff", "833fa4fffffffff" ], "centroid_lon": 11.558469080080075, "centroid_lat": 31.09667983460832, "land_frac": 0.0141 }, "geometry": { "type": "Polygon", "coordinates": [ [ [ 10.866957267661746, 31.390554314681442 ], [ 10.916109798180173, 30.722958921688999 ], [ 11.601882092025114, 30.427278237583018 ], [ 12.245942244185423, 30.797936573064277 ], [ 12.205167409117514, 31.468287719148702 ], [ 11.511903307981575, 31.765260034653007 ], [ 10.866957267661746, 31.390554314681442 ] ] ] } },
{ "type": "Feature", "properties": { "province_id": "833e34fffffffff", "name": "Libya 22", "country": "Libya", "neighbors": [ "833e35fffffffff", "833f1afffffffff", "833f1bfffffffff" ], "centroid_lon": 19.02503867002844, "centroid_lat": 30.288301048433315, "land_frac": 0.404 }, "geometry": { "type": "Polygon", "coordinates": [ [ [ 18.343416368196834, 30.627348055134043 ], [ 18.344587096446855, 29.947746127741084 ], [ 19.021506598937883, 29.607915555746427 ], [ 19.702498277810854, 29.945050462182433 ], [ 19.71019898162297, 30.625482809106689 ], [ 19.028026649881156, 30.967994735212873 ], [ 18.343416368196834, 30.627348055134043 ] ] ] } },
{ "type": "Feature", "properties": { "province_id": "833e35fffffffff", "name": "Libya 23", "country": "Libya", "neighbors": [ "833e26fffffffff", "833e34fffffffff", "833f1bfffffffff" ], "centroid_lon": 20.388686781081351, "centroid_lat": 30.278953306613136, "land_frac": 0.0127 }, "geometry": { "type": "Polygon", "coordinates": [ [ [ 19.71019898162297, 30.625482809106689 ], [ 19.702498277810854, 29.945050462182433 ], [ 20.376514940449852, 29.597921793458188 ], [ 21.063024813783034, 29.9283871744435 ], [ 21.07962245013578, 30.609277735861159 ], [ 20.400811447493837, 30.959290246190751 ], [ 19.71019898162297, 30.625482809106689 ] ] ] } },
{ "type": "Feature", "properties": { "province_id": "833e23fffffffff", "name": "Libya 24", "country": "Libya", "neighbors": [ "833e20fffffffff", "833e21fffffffff", "833e2efffffffff" ], "centroid_lon": 23.120002245375417, "centroid_lat": 30.217706012806289, "land_frac": 0.0266 }, "geometry": { "type": "Polygon", "coordinates": [ [ [ 22.450127103077627, 30.578687654974221 ], [ 22.424637277086216, 29.89771333875478 ], [ 23.090553028858366, 29.536492017342699 ], [ 23.785798902755118, 29.853045268777663 ], [ 23.820145868465431, 30.533728493024046 ], [ 23.150404248021008, 30.898195148082046 ], [ 22.450127103077627, 30.578687654974221 ] ] ] } },
{ "type": "Feature", "properties": { "province_id": "833e2efffffffff", "name": "Libya 25", "country": "Libya", "neighbors": [ "833e21fffffffff", "833e23fffffffff", "833e28fffffffff", "833e2cfffffffff" ], "centroid_lon": 24.484570792994706, "centroid_lat": 30.165838693934546, "land_frac": 0.1116 }, "geometry": { "type": "Polygon", "coordinates": [ [ [ 23.820145868465431, 30.533728493024046 ], [ 23.785798902755118, 29.853045268777663 ], [ 24.446541526754086, 29.485089052161605 ], [ 25.144975974293818, 29.794458580956718 ], [ 25.188115002657248, 30.474477352049643 ], [ 24.524049933195698, 30.845836043005484 ], [ 23.820145868465431, 30.533728493024046 ] ] ] } },
{ "type": "Feature", "properties": { "province_id": "831ef2fffffffff", "name": "Montenegro 1", "country": "Montenegro", "neighbors": [ "831e8dfffffffff", "831ed4fffffffff", "831ef0fffffffff", "831ef3fffffffff", "831ef6fffffffff" ], "centroid_lon": 19.091520232869939, "centroid_lat": 42.258190171852078, "land_frac": 0.6462 }, "geometry": { "type": "Polygon", "coordinates": [ [ [ 18.319382308787176, 42.571143848068708 ], [ 18.320884164030812, 41.930526022501077 ], [ 19.087059206838333, 41.616884649832009 ], [ 19.858429080343839, 41.941774202875756 ], [ 19.86831048946264, 42.583070485313542 ], [ 19.095424910188406, 42.898853181594596 ], [ 18.319382308787176, 42.571143848068708 ] ] ] } },
{ "type": "Feature", "properties": { "province_id": "83391afffffffff", "name": "Morocco 1", "country": "Morocco", "neighbors": [ "833834fffffffff", "833918fffffffff", "83391efffffffff", "8339a9fffffffff" ], "centroid_lon": -5.6124566480102978, "centroid_lat": 35.761891922113826, "land_frac": 0.5115 }, "geometry": { "type": "Polygon", "coordinates": [ [ [ -5.781979998471222, 36.399720683292024 ], [ -6.352241345848064, 35.953427409097124 ], [ -6.176506563317505, 35.315072195063109 ], [ -5.442348460730078, 35.124424051767967 ], [ -4.877295332533405, 35.566666916133855 ], [ -5.041156125597554, 36.203564284899784 ], [ -5.781979998471222, 36.399720683292024 ] ] ] } },
{ "type": "Feature", "properties": { "province_id": "833822fffffffff", "name": "Morocco 2", "country": "Morocco", "neighbors": [ "833804fffffffff", "833820fffffffff", "833823fffffffff", "833826fffffffff", "833831fffffffff", "833835fffffffff" ], "centroid_lon": -2.1648208186921658, "centroid_lat": 35.388407774392768, "land_frac": 0.2343 }, "geometry": { "type": "Polygon", "coordinates": [ [ [ -2.300289903409303, 36.020198756022872 ], [ -2.869452690211243, 35.59625541154071 ], [ -2.727293804575807, 34.963562520812545 ], [ -2.02758733847525, 34.757090726489182 ], [ -1.46472896670198, 35.177433151372227 ], [ -1.595264915917635, 35.807808474085242 ], [ -2.300289903409303, 36.020198756022872 ] ] ] } },
{ "type": "Feature", "properties": { "province_id": "833835fffffffff", "name": "Morocco 3", "country": "Morocco", "neighbors": [ "833822fffffffff", "833826fffffffff", "833830fffffffff", "833831fffffffff", "833834fffffffff" ], "centroid_lon": -3.4374934455401531, "centroid_lat": 35.167722996044809, "land_frac": 0.582 }, "geometry": { "type": "Polygon", "coordinates": [ [ [ -3.58480580326525, 35.801655683177543 ], [ -4.152217484312231, 35.368521389663783 ], [ -3.998422524490772, 34.733837327914401 ], [ -3.288834350696817, 34.534237127079017 ], [ -2.727293804575807, 34.963562520812545 ], [ -2.869452690211243, 35.59625541154071 ], [ -3.58480580326525, 35.801655683177543 ] ] ] } },
{ "type": "Feature", "properties": { "province_id": "833834fffffffff", "name": "Morocco 4", "country": "Morocco", "neighbors": [ "833830fffffffff", "833835fffffffff", "833836fffffffff", "83391afffffffff", "8339a9fffffffff" ], "centroid_lon": -4.7181383070887799, "centroid_lat": 34.930929276747101, "land_frac": 0.8333 }, "geometry": { "type": "Polygon", "coordinates": [ [ [ -4.877295332533405, 35.566666916133855 ], [ -5.442348460730078, 35.124424051767967 ], [ -5.276939697733233, 34.488085301800524 ], [ -4.558063983974028, 34.295601034884136 ], [ -3.998422524490772, 34.733837327914401 ], [ -4.152217484312231, 35.368521389663783 ], [ -4.877295332533405, 35.566666916133855 ] ] ] } },
{ "type": "Feature", "properties": { "province_id": "8339a9fffffffff", "name": "Morocco 5", "country": "Morocco", "neighbors": [ "833834fffffffff", "833836fffffffff", "83391afffffffff", "8339a8fffffffff", "8339abfffffffff" ], "centroid_lon": -6.0055402540045177, "centroid_lat": 34.677875959653534, "land_frac": 0.8352 }, "geometry": { "type": "Polygon", "coordinates": [ [ [ -6.176506563317505, 35.315072195063109 ], [ -6.738591015362244, 34.863835449811837 ], [ -6.561626815900728, 34.22618717849052 ], [ -5.834095913787984, 34.041040985020047 ], [ -5.276939697733233, 34.488085301800524 ], [ -5.442348460730078, 35.124424051767967 ], [ -6.176506563317505, 35.315072195063109 ] ] ] } },
{ "type": "Feature", "properties": { "province_id": "8339a8fffffffff", "name": "Morocco 6", "country": "Morocco", "neighbors": [ "8339a9fffffffff", "8339aafffffffff", "8339abfffffffff" ], "centroid_lon": -7.2984440681906104, "centroid_lat": 34.408467697204657, "land_frac": 0.0333 }, "geometry": { "type": "Polygon", "coordinates": [ [ [ -7.481146917803714, 35.046768077191217 ], [ -8.039653654168752, 34.586685266978478 ], [ -7.851228814359529, 33.948079809813059 ], [ -7.1157101901578, 33.770469408397055 ], [ -6.561626815900728, 34.22618717849052 ], [ -6.738591015362244, 34.863835449811837 ], [ -7.481146917803714, 35.046768077191217 ] ] ] } },
{ "type": "Feature", "properties": { "province_id": "833831fffffffff", "name": "Morocco 7", "country": "Morocco", "neighbors": [ "833804fffffffff", "833806fffffffff", "833822fffffffff", "833830fffffffff", "833833fffffffff", "833835fffffffff" ], "centroid_lon": -2.5896108888112535, "centroid_lat": 34.332386790651896, "land_frac": 1.0 }, "geometry": { "type": "Polygon", "coordinates": [ [ [ -2.727293804575807, 34.963562520812545 ], [ -3.288834350696817, 34.534237127079017 ], [ -3.144668719570804, 33.90224301265485 ], [ -2.450295902609022, 33.701697610775049 ], [ -1.894765674755989, 34.127260298321161 ], [ -2.02758733847525, 34.757090726489182 ], [ -2.727293804575807, 34.963562520812545 ] ] ] } },
{ "type": "Feature", "properties": { "province_id": "833830fffffffff", "name": "Morocco 8", "country": "Morocco", "neighbors": [ "833831fffffffff", "833832fffffffff", "833833fffffffff", "833834fffffffff", "833835fffffffff", "833836fffffffff" ], "centroid_lon": -3.8491857622270809, "centroid_lat": 34.10067676471472, "land_frac": 1.0 }, "geometry": { "type": "Polygon", "coordinates": [ [ [ -3.998422524490772, 34.733837327914401 ], [ -4.558063983974028, 34.295601034884136 ], [ -4.402552834341866, 33.661770077988017 ], [ -3.698725687045985, 33.467970221340998 ], [ -3.144668719570804, 33.90224301265485 ], [ -3.288834350696817, 34.534237127079017 ], [ -3.998422524490772, 34.733837327914401 ] ] ] } },
{ "type": "Feature", "properties": { "province_id": "833836fffffffff", "name": "Morocco 9", "country": "Morocco", "neighbors": [ "833830fffffffff", "833832fffffffff", "833834fffffffff", "83398dfffffffff", "8339a9fffffffff", "8339abfffffffff" ], "centroid_lon": -5.1161590135817487, "centroid_lat": 33.853276755124355, "land_frac": 1.0 }, "geometry": { "type": "Polygon", "coordinates": [ [ [ -5.276939697733233, 34.488085301800524 ], [ -5.834095913787984, 34.041040985020047 ], [ -5.667271622745807, 33.405709481234645 ], [ -4.954574647195971, 33.218879459675982 ], [ -4.402552834341866, 33.661770077988017 ], [ -4.558063983974028, 34.295601034884136 ], [ -5.276939697733233, 34.488085301800524 ] ] ] } },
{ "type": "Feature", "properties": { "province_id": "8339abfffffffff", "name": "Morocco 10", "country": "Morocco", "neighbors": [ "833836fffffffff", "83398cfffffffff", "83398dfffffffff", "8339a8fffffffff", "8339a9fffffffff", "8339aafffffffff" ], "centroid_lon": -6.3893473284873625, "centroid_lat": 33.59007643348199, "land_frac": 1.0 }, "geometry": { "type": "Polygon", "coordinates": [ [ [ -6.561626815900728, 34.22618717849052 ], [ -7.1157101901578, 33.770469408397055 ], [ -6.937639605510306, 33.133981698582183 ], [ -6.216692766640744, 32.954323582179121 ], [ -5.667271622745807, 33.405709481234645 ], [ -5.834095913787984, 34.041040985020047 ], [ -6.561626815900728, 34.22618717849052 ] ] ] } },
{ "type": "Feature", "properties": { "province_id": "833806fffffffff", "name": "Morocco 11", "country": "Morocco", "neighbors": [ "833800fffffffff", "833802fffffffff", "833804fffffffff", "833815fffffffff", "833831fffffffff", "833833fffffffff" ], "centroid_lon": -1.7662733645546753, "centroid_lat": 33.499287974431461, "land_frac": 1.0 }, "geometry": { "type": "Polygon", "coordinates": [ [ [ -1.894765674755989, 34.127260298321161 ], [ -2.450295902609022, 33.701697610775049 ], [ -2.315335448321553, 33.072845980897284 ], [ -1.635889031021364, 32.871838807372981 ], [ -1.086481777007532, 33.293682944264376 ], [ -1.210393634752471, 33.920213681836074 ], [ -1.894765674755989, 34.127260298321161 ] ] ] } },
{ "type": "Feature", "properties": { "province_id": "8339aafffffffff", "name": "Morocco 12", "country": "Morocco", "neighbors": [ "833981fffffffff", "833985fffffffff", "83398cfffffffff", "8339a8fffffffff", "8339abfffffffff" ], "centroid_lon": -7.6675312764848238, "centroid_lat": 33.311020077726802, "land_frac": 0.7815 }, "geometry": { "type": "Polygon", "coordinates": [ [ [ -7.851228814359529, 33.948079809813059 ], [ -8.401653864408727, 33.483855475145475 ], [ -8.212438514335059, 32.846562432984932 ], [ -7.483894227836208, 32.674254038009529 ], [ -6.937639605510306, 33.133981698582183 ], [ -7.1157101901578, 33.770469408397055 ], [ -7.851228814359529, 33.948079809813059 ] ] ] } },
{ "type": "Feature", "properties": { "province_id": "833833fffffffff", "name": "Morocco 13", "country": "Morocco", "neighbors": [ "833806fffffffff", "833814fffffffff", "833815fffffffff", "833830fffffffff", "833831fffffffff", "833832fffffffff" ], "centroid_lon": -3.0049178903434051, "centroid_lat": 33.272121298685377, "land_frac": 1.0 }, "geometry": { "type": "Polygon", "coordinates": [ [ [ -3.144668719570804, 33.90224301265485 ], [ -3.698725687045985, 33.467970221340998 ], [ -3.552693887221561, 32.837114459030161 ], [ -2.863663251733676, 32.642494654200171 ], [ -2.315335448321553, 33.072845980897284 ], [ -2.450295902609022, 33.701697610775049 ], [ -3.144668719570804, 33.90224301265485 ] ] ] } },
{ "type": "Feature", "properties": { "province_id": "833832fffffffff", "name": "Morocco 14", "country": "Morocco", "neighbors": [ "833814fffffffff", "833830fffffffff", "833833fffffffff", "833836fffffffff", "833989fffffffff", "83398dfffffffff" ], "centroid_lon": -4.2515306914457094, "centroid_lat": 33.029825808590388, "land_frac": 1.0 }, "geometry": { "type": "Polygon", "coordinates": [ [ [ -4.402552834341866, 33.661770077988017 ], [ -4.954574647195971, 33.218879459675982 ], [ -4.797480532211106, 32.586346418214205 ], [ -4.099404670153819, 32.398338761667453 ], [ -3.552693887221561, 32.837114459030161 ], [ -3.698725687045985, 33.467970221340998 ], [ -4.402552834341866, 33.661770077988017 ] ] ] } },
{ "type": "Feature", "properties": { "province_id": "833985fffffffff", "name": "Morocco 15", "country": "Morocco", "neighbors": [ "833980fffffffff", "833981fffffffff", "8339aafffffffff" ], "centroid_lon": -8.949462014743343, "centroid_lat": 33.016109136386724, "land_frac": 0.3617 }, "geometry": { "type": "Polygon", "coordinates": [ [ [ -9.144461127383948, 33.653758830556235 ], [ -9.690648096133023, 33.181227472035737 ], [ -9.490424053951349, 32.543484902101191 ], [ -8.75496378756236, 32.378677940299838 ], [ -8.212438514335059, 32.846562432984932 ], [ -8.401653864408727, 33.483855475145475 ], [ -9.144461127383948, 33.653758830556235 ] ] ] } },
{ "type": "Feature", "properties": { "province_id": "83398dfffffffff", "name": "Morocco 16", "country": "Morocco", "neighbors": [ "833832fffffffff", "833836fffffffff", "833988fffffffff", "833989fffffffff", "83398cfffffffff", "8339abfffffffff" ], "centroid_lon": -5.5049984018863665, "centroid_lat": 32.77227913693843, "land_frac": 1.0 }, "geometry": { "type": "Polygon", "coordinates": [ [ [ -5.667271622745807, 33.405709481234645 ], [ -6.216692766640744, 32.954323582179121 ], [ -6.048577858311433, 32.320448910806341 ], [ -5.34203124441931, 32.139258031113911 ], [ -4.797480532211106, 32.586346418214205 ], [ -4.954574647195971, 33.218879459675982 ], [ -5.667271622745807, 33.405709481234645 ] ] ] } },
{ "type": "Feature", "properties": { "province_id": "83398cfffffffff", "name": "Morocco 17", "country": "Morocco", "neighbors": [ "833981fffffffff", "833988fffffffff", "83398dfffffffff", "83398efffffffff", "8339aafffffffff", "8339abfffffffff" ], "centroid_lon": -6.7641692042490202, "centroid_lat": 32.499410006996129, "land_frac": 1.0 }, "geometry": { "type": "Polygon", "coordinates": [ [ [ -6.937639605510306, 33.133981698582183 ], [ -7.483894227836208, 32.674254038009529 ], [ -7.304832953461665, 32.039380772185588 ], [ -6.59042297965224, 31.865189142463755 ], [ -6.048577858311433, 32.320448910806341 ], [ -6.216692766640744, 32.954323582179121 ], [ -6.937639605510306, 33.133981698582183 ] ] ] } },
{ "type": "Feature", "properties": { "province_id": "833815fffffffff", "name": "Morocco 18", "country": "Morocco", "neighbors": [ "833802fffffffff", "833806fffffffff", "833810fffffffff", "833811fffffffff", "833814fffffffff", "833833fffffffff" ], "centroid_lon": -2.1846488310784142, "centroid_lat": 32.446199909395027, "land_frac": 1.0 }, "geometry": { "type": "Polygon", "coordinates": [ [ [ -2.315335448321553, 33.072845980897284 ], [ -2.863663251733676, 32.642494654200171 ], [ -2.726703637528889, 32.015056682204133 ], [ -2.052202411581558, 31.820086673066967 ], [ -1.509722662018342, 32.246557351859778 ], [ -1.635889031021364, 32.871838807372981 ], [ -2.315335448321553, 33.072845980897284 ] ] ] } },
{ "type": "Feature", "properties": { "province_id": "833981fffffffff", "name": "Morocco 19", "country": "Morocco", "neighbors": [ "833980fffffffff", "833983fffffffff", "833985fffffffff", "83398cfffffffff", "83398efffffffff", "8339aafffffffff" ], "centroid_lon": -8.0278588073720325, "centroid_lat": 32.211200859464419, "land_frac": 1.0 }, "geometry": { "type": "Polygon", "coordinates": [ [ [ -8.212438514335059, 32.846562432984932 ], [ -8.75496378756236, 32.378677940299838 ], [ -8.565063580781134, 31.743154993816567 ], [ -7.843427608999181, 31.576121080727898 ], [ -7.304832953461665, 32.039380772185588 ], [ -7.483894227836208, 32.674254038009529 ], [ -8.212438514335059, 32.846562432984932 ] ] ] } },
{ "type": "Feature", "properties": { "province_id": "833814fffffffff", "name": "Morocco 20", "country": "Morocco", "neighbors": [ "833810fffffffff", "833815fffffffff", "833816fffffffff", "833832fffffffff", "833833fffffffff", "833989fffffffff" ], "centroid_lon": -3.4110136843522718, "centroid_lat": 32.208486170242374, "land_frac": 1.0 }, "geometry": { "type": "Polygon", "coordinates": [ [ [ -3.552693887221561, 32.837114459030161 ], [ -4.099404670153819, 32.398338761667453 ], [ -3.951639971191789, 31.769061236106229 ], [ -3.267954004215798, 31.58035736053548 ], [ -2.726703637528889, 32.015056682204133 ], [ -2.863663251733676, 32.642494654200171 ], [ -3.552693887221561, 32.837114459030161 ] ] ] } },
{ "type": "Feature", "properties": { "province_id": "833989fffffffff", "name": "Morocco 21", "country": "Morocco", "neighbors": [ "833814fffffffff", "833816fffffffff", "833832fffffffff", "833988fffffffff", "83398bfffffffff", "83398dfffffffff" ], "centroid_lon": -4.6448046769428561, "centroid_lat": 31.956062578390732, "land_frac": 1.0 }, "geometry": { "type": "Polygon", "coordinates": [ [ [ -4.797480532211106, 32.586346418214205 ], [ -5.34203124441931, 32.139258031113911 ], [ -5.183480139231729, 31.508467340848647 ], [ -4.491140522569427, 31.326235178801944 ], [ -3.951639971191789, 31.769061236106229 ], [ -4.099404670153819, 32.398338761667453 ], [ -4.797480532211106, 32.586346418214205 ] ] ] } },
{ "type": "Feature", "properties": { "province_id": "833980fffffffff", "name": "Morocco 22", "country": "Morocco", "neighbors": [ "833981fffffffff", "833982fffffffff", "833983fffffffff", "833985fffffffff" ], "centroid_lon": -9.2948568786189494, "centroid_lat": 31.907690045857436, "land_frac": 0.6793 }, "geometry": { "type": "Polygon", "coordinates": [ [ [ -9.490424053951349, 32.543484902101191 ], [ -10.028663572450791, 32.067660066748701 ], [ -9.828064651719776, 31.431840642148153 ], [ -9.099866718336608, 31.2720972436205 ], [ -8.565063580781134, 31.743154993816567 ], [ -8.75496378756236, 32.378677940299838 ], [ -9.490424053951349, 32.543484902101191 ] ] ] } },
{ "type": "Feature", "properties": { "province_id": "833988fffffffff", "name": "Morocco 23", "country": "Morocco", "neighbors": [ "833989fffffffff", "83398afffffffff", "83398bfffffffff", "83398cfffffffff", "83398dfffffffff", "83398efffffffff" ], "centroid_lon": -5.8849359634975587, "centroid_lat": 31.688845130018983, "land_frac": 1.0 }, "geometry": { "type": "Polygon", "coordinates": [ [ [ -6.048577858311433, 32.320448910806341 ], [ -6.59042297965224, 31.865189142463755 ], [ -6.421135246906467, 31.233219795934474 ], [ -5.720706138935244, 31.057644749094585 ], [ -5.183480139231729, 31.508467340848647 ], [ -5.34203124441931, 32.139258031113911 ], [ -6.048577858311433, 32.320448910806341 ] ] ] } },
{ "type": "Feature", "properties": { "province_id": "83398efffffffff", "name": "Morocco 24", "country": "Morocco", "neighbors": [ "833981fffffffff", "833983fffffffff", "833988fffffffff", "83398afffffffff", "83398cfffffffff", "83399dfffffffff" ], "centroid_lon": -7.1302868149325045, "centroid_lat": 31.406800199673746, "land_frac": 1.0 }, "geometry": { "type": "Polygon", "coordinates": [ [ [ -7.304832953461665, 32.039380772185588 ], [ -7.843427608999181, 31.576121080727898 ], [ -7.663484427536877, 30.943314294985814 ], [ -6.955560523653674, 30.774559754809427 ], [ -6.421135246906467, 31.233219795934474 ], [ -6.59042297965224, 31.865189142463755 ], [ -7.304832953461665, 32.039380772185588 ] ] ] } },
{ "type": "Feature", "properties": { "province_id": "833983fffffffff", "name": "Morocco 25", "country": "Morocco", "neighbors": [ "833980fffffffff", "833981fffffffff", "833982fffffffff", "83398efffffffff", "83399cfffffffff", "83399dfffffffff" ], "centroid_lon": -8.3797073823061883, "centroid_lat": 31.109946811093277, "land_frac": 1.0 }, "geometry": { "type": "Polygon", "coordinates": [ [ [ -8.565063580781134, 31.743154993816567 ], [ -9.099866718336608, 31.2720972436205 ], [ -8.909380672913558, 30.638799443068315 ], [ -8.194584329513532, 30.477005119166435 ], [ -7.663484427536877, 30.943314294985814 ], [ -7.843427608999181, 31.576121080727898 ], [ -8.565063580781134, 31.743154993816567 ] ] ] } },
{ "type": "Feature", "properties": { "province_id": "83398bfffffffff", "name": "Morocco 26", "country": "Morocco", "neighbors": [ "833816fffffffff", "833988fffffffff", "833989fffffffff", "83398afffffffff" ], "centroid_lon": -5.0292752633236013, "centroid_lat": 30.88028603336295, "land_frac": 0.6408 }, "geometry": { "type": "Polygon", "coordinates": [ [ [ -5.183480139231729, 31.508467340848647 ], [ -5.720706138935244, 31.057644749094585 ], [ -5.56081714806042, 30.429038458462298 ], [ -4.874193929028135, 30.25255644340238 ], [ -4.341769247156944, 30.698974127789072 ], [ -4.491140522569427, 31.326235178801944 ], [ -5.183480139231729, 31.508467340848647 ] ] ] } },
{ "type": "Feature", "properties": { "province_id": "833982fffffffff", "name": "Morocco 27", "country": "Morocco", "neighbors": [ "833980fffffffff", "833983fffffffff", "833991fffffffff", "83399cfffffffff" ], "centroid_lon": -9.6320248608369408, "centroid_lat": 30.798358469968601, "land_frac": 0.6366 }, "geometry": { "type": "Polygon", "coordinates": [ [ [ -9.828064651719776, 31.431840642148153 ], [ -10.358542237090584, 30.953217077100838 ], [ -10.157657023089262, 30.319778318393105 ], [ -9.43663506793057, 30.165058759542919 ], [ -8.909380672913558, 30.638799443068315 ], [ -9.099866718336608, 31.2720972436205 ], [ -9.828064651719776, 31.431840642148153 ] ] ] } },
{ "type": "Feature", "properties": { "province_id": "83398afffffffff", "name": "Morocco 28", "country": "Morocco", "neighbors": [ "833988fffffffff", "83398bfffffffff", "83398efffffffff", "83399dfffffffff" ], "centroid_lon": -6.2562416764782274, "centroid_lat": 30.60388813791446, "land_frac": 0.5347 }, "geometry": { "type": "Polygon", "coordinates": [ [ [ -6.421135246906467, 31.233219795934474 ], [ -6.955560523653674, 30.774559754809427 ], [ -6.785211033440889, 30.144941066923284 ], [ -6.090862557941384, 29.974950285731808 ], [ -5.56081714806042, 30.429038458462298 ], [ -5.720706138935244, 31.057644749094585 ], [ -6.421135246906467, 31.233219795934474 ] ] ] } },
{ "type": "Feature", "properties": { "province_id": "83399dfffffffff", "name": "Morocco 29", "country": "Morocco", "neighbors": [ "833983fffffffff", "83398afffffffff", "83398efffffffff", "83399cfffffffff" ], "centroid_lon": -7.4879710457539508, "centroid_lat": 30.313173307155878, "land_frac": 0.4313 }, "geometry": { "type": "Polygon", "coordinates": [ [ [ -7.663484427536877, 30.943314294985814 ], [ -8.194584329513532, 30.477005119166435 ], [ -8.013861510582009, 29.846712891277171 ], [ -7.312369709316807, 29.683358210594424 ], [ -6.785211033440889, 30.144941066923284 ], [ -6.955560523653674, 30.774559754809427 ], [ -7.663484427536877, 30.943314294985814 ] ] ] } },
{ "type": "Feature", "properties": { "province_id": "83399cfffffffff", "name": "Morocco 30", "country": "Morocco", "neighbors": [ "833982fffffffff", "833983fffffffff", "833991fffffffff", "83399dfffffffff" ], "centroid_lon": -8.7233472284736724, "centroid_lat": 30.008195458708879, "land_frac": 0.3306 }, "geometry": { "type": "Polygon", "coordinates": [ [ [ -8.909380672913558, 30.638799443068315 ], [ -9.43663506793057, 30.165058759542919 ], [ -9.245655968309844, 29.534436371663595 ], [ -8.537628284724114, 29.377839374788639 ], [ -8.013861510582009, 29.846712891277171 ], [ -8.194584329513532, 30.477005119166435 ], [ -8.909380672913558, 30.638799443068315 ] ] ] } },
{ "type": "Feature", "properties": { "province_id": "833991fffffffff", "name": "Morocco 31", "country": "Morocco", "neighbors": [ "833982fffffffff", "83399cfffffffff" ], "centroid_lon": -9.9612339485059636, "centroid_lat": 29.689061404002111, "land_frac": 0.0317 }, "geometry": { "type": "Polygon", "coordinates": [ [ [ -10.157657023089262, 30.319778318393105 ], [ -10.680553302872548, 29.838852871384841 ], [ -10.479464490073834, 29.208246668254098 ], [ -9.765530798396359, 29.05850435369425 ], [ -9.245655968309844, 29.534436371663595 ], [ -9.43663506793057, 30.165058759542919 ], [ -10.157657023089262, 30.319778318393105 ] ] ] } },
{ "type": "Feature", "properties": { "province_id": "831ec6fffffffff", "name": "North Macedonia 1", "country": "North Macedonia", "neighbors": [ "831ec0fffffffff", "831ec2fffffffff", "831ec4fffffffff", "831ed5fffffffff", "831ef1fffffffff", "831ef3fffffffff" ], "centroid_lon": 22.183215172041038, "centroid_lat": 42.239881451679068, "land_frac": 1.0 }, "geometry": { "type": "Polygon", "coordinates": [ [ [ 21.420398606460473, 42.574092952528538 ], [ 21.399101929132794, 41.932467779595811 ], [ 22.156565223149336, 41.597915474012744 ], [ 22.940680678735852, 41.902527991020243 ], [ 22.973374810779067, 42.544130941062164 ], [ 22.210568922965376, 42.881198647396033 ], [ 21.420398606460473, 42.574092952528538 ] ] ] } },
{ "type": "Feature", "properties": { "province_id": "831ed5fffffffff", "name": "North Macedonia 2", "country": "North Macedonia", "neighbors": [ "831ec2fffffffff", "831ec6fffffffff", "831ed0fffffffff", "831ed1fffffffff", "831ed4fffffffff", "831ef3fffffffff" ], "centroid_lon": 21.378083270092461, "centroid_lat": 41.285941074970715, "land_frac": 1.0 }, "geometry": { "type": "Polygon", "coordinates": [ [ [ 20.620804510951704, 41.617614793604602 ], [ 20.605555672805369, 40.970872900743942 ], [ 21.357433736362598, 40.638762654776833 ], [ 22.130151592106067, 40.951006381499269 ], [ 22.156565223149336, 41.597915474012744 ], [ 21.399101929132794, 41.932467779595811 ], [ 20.620804510951704, 41.617614793604602 ] ] ] } },
{ "type": "Feature", "properties": { "province_id": "833923fffffffff", "name": "Portugal 1", "country": "Portugal", "neighbors": [ "833904fffffffff", "833905fffffffff", "833920fffffffff", "833921fffffffff", "833922fffffffff", "83392efffffffff" ], "centroid_lon": -7.2715680729623751, "centroid_lat": 41.509518716929009, "land_frac": 1.0 }, "geometry": { "type": "Polygon", "coordinates": [ [ [ -7.47183382378607, 42.146900290559749 ], [ -8.084602039087075, 41.706836824474131 ], [ -7.877633667230593, 41.069005671980541 ], [ -7.071618472393741, 40.872320414348209 ], [ -6.464181984237851, 41.308559570846796 ], [ -6.657366351201524, 41.945260120786848 ], [ -7.47183382378607, 42.146900290559749 ] ] ] } },
{ "type": "Feature", "properties": { "province_id": "833922fffffffff", "name": "Portugal 2", "country": "Portugal", "neighbors": [ "833904fffffffff", "833920fffffffff", "833923fffffffff", "833931fffffffff" ], "centroid_lon": -8.6940549249768484, "centroid_lat": 41.260470708640476, "land_frac": 0.5398 }, "geometry": { "type": "Polygon", "coordinates": [ [ [ -8.908304610183126, 41.898766462967657 ], [ -9.515993086773804, 41.448057235427406 ], [ -9.295415012606986, 40.809470241526263 ], [ -8.480681337677595, 40.622299952807417 ], [ -7.877633667230593, 41.069005671980541 ], [ -8.084602039087075, 41.706836824474131 ], [ -8.908304610183126, 41.898766462967657 ] ] ] } },
{ "type": "Feature", "properties": { "province_id": "833904fffffffff", "name": "Portugal 3", "country": "Portugal", "neighbors": [ "833900fffffffff", "833905fffffffff", "833906fffffffff", "833922fffffffff", "833923fffffffff", "833931fffffffff" ], "centroid_lon": -7.6761797448764701, "centroid_lat": 40.429996904521126, "land_frac": 1.0 }, "geometry": { "type": "Polygon", "coordinates": [ [ [ -7.877633667230593, 41.069005671980541 ], [ -8.480681337677595, 40.622299952807417 ], [ -8.27277914502867, 39.982898277086406 ], [ -7.475133569899526, 39.791176439916526 ], [ -6.877084575502224, 40.233940341592344 ], [ -7.071618472393741, 40.872320414348209 ], [ -7.877633667230593, 41.069005671980541 ] ] ] } },
{ "type": "Feature", "properties": { "province_id": "833931fffffffff", "name": "Portugal 4", "country": "Portugal", "neighbors": [ "833904fffffffff", "833906fffffffff", "833922fffffffff", "833933fffffffff" ], "centroid_lon": -9.0804047895069271, "centroid_lat": 40.169658756749847, "land_frac": 0.3541 }, "geometry": { "type": "Polygon", "coordinates": [ [ [ -9.295415012606986, 40.809470241526263 ], [ -9.893311241893596, 40.352430687343912 ], [ -9.67222198665946, 39.712381568589947 ], [ -8.866346199175991, 39.529971859983569 ], [ -8.27277914502867, 39.982898277086406 ], [ -8.480681337677595, 40.622299952807417 ], [ -9.295415012606986, 40.809470241526263 ] ] ] } },
{ "type": "Feature", "properties": { "province_id": "833906fffffffff", "name": "Portugal 5", "country": "Portugal", "neighbors": [ "833900fffffffff", "833902fffffffff", "833904fffffffff", "833915fffffffff", "833931fffffffff", "833933fffffffff" ], "centroid_lon": -8.0702846102388666, "centroid_lat": 39.342692734255891, "land_frac": 1.0 }, "geometry": { "type": "Polygon", "coordinates": [ [ [ -8.27277914502867, 39.982898277086406 ], [ -8.866346199175991, 39.529971859983569 ], [ -8.657648270046371, 38.889431983183847 ], [ -7.868285229185847, 38.702677295718601 ], [ -7.279402685327193, 39.151542234132904 ], [ -7.475133569899526, 39.791176439916526 ], [ -8.27277914502867, 39.982898277086406 ] ] ] } },
{ "type": "Feature", "properties": { "province_id": "833933fffffffff", "name": "Portugal 6", "country": "Portugal", "neighbors": [ "833906fffffffff", "833915fffffffff", "833931fffffffff" ], "centroid_lon": -9.4565834829612925, "centroid_lat": 39.071491533393363, "land_frac": 0.3725 }, "geometry": { "type": "Polygon", "coordinates": [ [ [ -9.67222198665946, 39.712381568589947 ], [ -10.260578121970857, 39.249447111238752 ], [ -10.039100157890211, 38.608374892856979 ], [ -9.241968438981978, 38.430722557232606 ], [ -8.657648270046371, 38.889431983183847 ], [ -8.866346199175991, 39.529971859983569 ], [ -9.67222198665946, 39.712381568589947 ] ] ] } },
{ "type": "Feature", "properties": { "province_id": "833915fffffffff", "name": "Portugal 7", "country": "Portugal", "neighbors": [ "833902fffffffff", "833906fffffffff", "833910fffffffff", "833911fffffffff", "833933fffffffff" ], "centroid_lon": -8.4542508201726179, "centroid_lat": 38.248470919947366, "land_frac": 0.837 }, "geometry": { "type": "Polygon", "coordinates": [ [ [ -8.657648270046371, 38.889431983183847 ], [ -9.241968438981978, 38.430722557232606 ], [ -9.032603360493283, 37.78948743387452 ], [ -8.251431998308691, 37.607698485044033 ], [ -7.671499963992517, 38.062225333640299 ], [ -7.868285229185847, 38.702677295718601 ], [ -8.657648270046371, 38.889431983183847 ] ] ] } },
{ "type": "Feature", "properties": { "province_id": "833911fffffffff", "name": "Portugal 8", "country": "Portugal", "neighbors": [ "833902fffffffff", "833910fffffffff", "833915fffffffff", "83391cfffffffff", "83391efffffffff" ], "centroid_lon": -7.4798647516411032, "centroid_lat": 37.421763641623876, "land_frac": 0.7948 }, "geometry": { "type": "Polygon", "coordinates": [ [ [ -7.671499963992517, 38.062225333640299 ], [ -8.251431998308691, 37.607698485044033 ], [ -8.053725650824029, 36.966874337600537 ], [ -7.288392076276975, 36.781552818552207 ], [ -6.713159151091205, 37.231940761414059 ], [ -6.898505607651504, 37.871743381909369 ], [ -7.671499963992517, 38.062225333640299 ] ] ] } },
{ "type": "Feature", "properties": { "province_id": "833910fffffffff", "name": "Portugal 9", "country": "Portugal", "neighbors": [ "833911fffffffff", "833915fffffffff" ], "centroid_lon": -8.8284314775259212, "centroid_lat": 37.1482210908556, "land_frac": 0.2886 }, "geometry": { "type": "Polygon", "coordinates": [ [ [ -9.032603360493283, 37.78948743387452 ], [ -9.607904215171148, 37.325447355068754 ], [ -9.397991706938301, 36.683968687224535 ], [ -8.624917989893701, 36.507138601195038 ], [ -8.053725650824029, 36.966874337600537 ], [ -8.251431998308691, 37.607698485044033 ], [ -9.032603360493283, 37.78948743387452 ] ] ] } },
{ "type": "Feature", "properties": { "province_id": "831e0afffffffff", "name": "Romania 1", "country": "Romania", "neighbors": [ "831e0bfffffffff", "831e19fffffffff", "831e1dfffffffff", "831ee4fffffffff" ], "centroid_lon": 21.578723393279489, "centroid_lat": 46.954353706791352, "land_frac": 1.0 }, "geometry": { "type": "Polygon", "coordinates": [ [ [ 20.768801767009251, 47.267764123876113 ], [ 20.751334484087359, 46.656509774238415 ], [ 21.555105797612647, 46.342738147507575 ], [ 22.382648605873687, 46.637799275981813 ], [ 22.412900192561189, 47.249130425697601 ], [ 21.602833746336611, 47.565383386152114 ], [ 20.768801767009251, 47.267764123876113 ] ] ] } },
{ "type": "Feature", "properties": { "province_id": "831e0bfffffffff", "name": "Romania 2", "country": "Romania", "neighbors": [ "831e0afffffffff", "831e56fffffffff", "831ee4fffffffff", "831ee5fffffffff" ], "centroid_lon": 23.216186891475431, "centroid_lat": 46.923999070940781, "land_frac": 0.9963 }, "geometry": { "type": "Polygon", "coordinates": [ [ [ 22.412900192561189, 47.249130425697601 ], [ 22.382648605873687, 46.637799275981813 ], [ 23.180153205752092, 46.312463879910943 ], [ 24.013383707015638, 46.595885133078205 ], [ 24.056360721123902, 47.206963172512779 ], [ 23.253407647178616, 47.534932516918474 ], [ 22.412900192561189, 47.249130425697601 ] ] ] } },
{ "type": "Feature", "properties": { "province_id": "831e56fffffffff", "name": "Romania 3", "country": "Romania", "neighbors": [ "831e0bfffffffff", "831e50fffffffff", "831e52fffffffff", "831ee5fffffffff" ], "centroid_lon": 24.851707324519133, "centroid_lat": 46.870308063183714, "land_frac": 0.9647 }, "geometry": { "type": "Polygon", "coordinates": [ [ [ 24.056360721123902, 47.206963172512779 ], [ 24.013383707015638, 46.595885133078205 ], [ 24.803344979888706, 46.259175601043331 ], [ 25.640903757003755, 46.530842550751437 ], [ 25.69648538624412, 47.141339603397022 ], [ 24.901945893905623, 47.480809339937551 ], [ 24.056360721123902, 47.206963172512779 ] ] ] } },
{ "type": "Feature", "properties": { "province_id": "831e50fffffffff", "name": "Romania 4", "country": "Romania", "neighbors": [ "831e51fffffffff", "831e52fffffffff", "831e53fffffffff", "831e56fffffffff" ], "centroid_lon": 26.482632378952434, "centroid_lat": 46.793411832690921, "land_frac": 0.9025 }, "geometry": { "type": "Polygon", "coordinates": [ [ [ 25.69648538624412, 47.141339603397022 ], [ 25.640903757003755, 46.530842550751437 ], [ 26.422087397127999, 46.183001546388674 ], [ 27.262603795615057, 46.442855383991571 ], [ 27.330608959390993, 47.052447626300328 ], [ 26.545732296834565, 47.403148193855792 ], [ 25.69648538624412, 47.141339603397022 ] ] ] } },
{ "type": "Feature", "properties": { "province_id": "831e51fffffffff", "name": "Romania 5", "country": "Romania", "neighbors": [ "831e50fffffffff", "831e53fffffffff" ], "centroid_lon": 28.106354311459956, "centroid_lat": 46.693550104175351, "land_frac": 0.3644 }, "geometry": { "type": "Polygon", "coordinates": [ [ [ 27.330608959390993, 47.052447626300328 ], [ 27.262603795615057, 46.442855383991571 ], [ 28.033829255993695, 46.084176643009897 ], [ 28.875934641570094, 46.332213831429208 ], [ 28.956124606299721, 46.940583430918174 ], [ 28.182097489357687, 47.302194075918059 ], [ 27.330608959390993, 47.052447626300328 ] ] ] } },
{ "type": "Feature", "properties": { "province_id": "831e19fffffffff", "name": "Romania 6", "country": "Romania", "neighbors": [ "831e0afffffffff", "831e18fffffffff", "831e1bfffffffff", "831e1dfffffffff", "831ee4fffffffff", "831ee6fffffffff" ], "centroid_lon": 20.734203793471817, "centroid_lat": 46.039033016281401, "land_frac": 1.0 }, "geometry": { "type": "Polygon", "coordinates": [ [ [ 19.930814315592318, 46.3499783959697 ], [ 19.919996575525733, 45.732363240187659 ], [ 20.717202518416595, 45.42096045797441 ], [ 21.531791951298153, 45.72486274775585 ], [ 21.555105797612647, 46.342738147507575 ], [ 20.751334484087359, 46.656509774238415 ], [ 19.930814315592318, 46.3499783959697 ] ] ] } },
{ "type": "Feature", "properties": { "province_id": "831ee4fffffffff", "name": "Romania 7", "country": "Romania", "neighbors": [ "831e0afffffffff", "831e0bfffffffff", "831e19fffffffff", "831ee0fffffffff", "831ee5fffffffff", "831ee6fffffffff" ], "centroid_lon": 22.352685627414999, "centroid_lat": 46.020234058413642, "land_frac": 1.0 }, "geometry": { "type": "Polygon", "coordinates": [ [ [ 21.555105797612647, 46.342738147507575 ], [ 21.531791951298153, 45.72486274775585 ], [ 22.323533707050423, 45.402064000041356 ], [ 23.144368594368746, 45.694662754608856 ], [ 23.180153205752092, 46.312463879910943 ], [ 22.382648605873687, 46.637799275981813 ], [ 21.555105797612647, 46.342738147507575 ] ] ] } },
{ "type": "Feature", "properties": { "province_id": "831ee5fffffffff", "name": "Romania 8", "country": "Romania", "neighbors": [ "831e0bfffffffff", "831e52fffffffff", "831e56fffffffff", "831ee0fffffffff", "831ee1fffffffff", "831ee4fffffffff" ], "centroid_lon": 23.970644770915719, "centroid_lat": 45.978572468546531, "land_frac": 1.0 }, "geometry": { "type": "Polygon", "coordinates": [ [ [ 23.180153205752092, 46.312463879910943 ], [ 23.144368594368746, 45.694662754608856 ], [ 23.929396314808805, 45.360632554913202 ], [ 24.755174524240552, 45.641782383636667 ], [ 24.803344979888706, 46.259175601043331 ], [ 24.013383707015638, 46.595885133078205 ], [ 23.180153205752092, 46.312463879910943 ] ] ] } },
{ "type": "Feature", "properties": { "province_id": "831e52fffffffff", "name": "Romania 9", "country": "Romania", "neighbors": [ "831e50fffffffff", "831e53fffffffff", "831e56fffffffff", "831ee1fffffffff", "831ee5fffffffff", "831eecfffffffff" ], "centroid_lon": 25.585506939000929, "centroid_lat": 45.914121464193379, "land_frac": 1.0 }, "geometry": { "type": "Polygon", "coordinates": [ [ [ 24.803344979888706, 46.259175601043331 ], [ 24.755174524240552, 45.641782383636667 ], [ 25.532272646604849, 45.29673751871178 ], [ 26.361674522937456, 45.566346956491088 ], [ 26.422087397127999, 46.183001546388674 ], [ 25.640903757003755, 46.530842550751437 ], [ 24.803344979888706, 46.259175601043331 ] ] ] } },
{ "type": "Feature", "properties": { "province_id": "831e53fffffffff", "name": "Romania 10", "country": "Romania", "neighbors": [ "831e50fffffffff", "831e51fffffffff", "831e52fffffffff", "831eecfffffffff", "831eedfffffffff" ], "centroid_lon": 27.194727309036963, "centroid_lat": 45.827060808530234, "land_frac": 0.9952 }, "geometry": { "type": "Polygon", "coordinates": [ [ [ 26.422087397127999, 46.183001546388674 ], [ 26.361674522937456, 45.566346956491088 ], [ 27.129673001294314, 45.210554927355595 ], [ 27.96137390525891, 45.468586515077135 ], [ 28.033829255993695, 46.084176643009897 ], [ 27.262603795615057, 46.442855383991571 ], [ 26.422087397127999, 46.183001546388674 ] ] ] } },
{ "type": "Feature", "properties": { "province_id": "831ee6fffffffff", "name": "Romania 11", "country": "Romania", "neighbors": [ "831e19fffffffff", "831e1bfffffffff", "831ee0fffffffff", "831ee2fffffffff", "831ee4fffffffff", "831ef5fffffffff" ], "centroid_lon": 21.508783208452087, "centroid_lat": 45.100988359432606, "land_frac": 1.0 }, "geometry": { "type": "Polygon", "coordinates": [ [ [ 20.717202518416595, 45.42096045797441 ], [ 20.700525642136277, 44.796864045165989 ], [ 21.486222918721801, 44.47650323033708 ], [ 22.294649350207784, 44.777858784505085 ], [ 22.323533707050423, 45.402064000041356 ], [ 21.531791951298153, 45.72486274775585 ], [ 20.717202518416595, 45.42096045797441 ] ] ] } },
{ "type": "Feature", "properties": { "province_id": "831ee0fffffffff", "name": "Romania 12", "country": "Romania", "neighbors": [ "831ee1fffffffff", "831ee2fffffffff", "831ee3fffffffff", "831ee4fffffffff", "831ee5fffffffff", "831ee6fffffffff" ], "centroid_lon": 23.108836434697906, "centroid_lat": 45.070856839930528, "land_frac": 1.0 }, "geometry": { "type": "Polygon", "coordinates": [ [ [ 22.323533707050423, 45.402064000041356 ], [ 22.294649350207784, 44.777858784505085 ], [ 23.074421086567973, 44.44642456882606 ], [ 23.888356253421339, 44.736657237188311 ], [ 23.929396314808805, 45.360632554913202 ], [ 23.144368594368746, 45.694662754608856 ], [ 22.323533707050423, 45.402064000041356 ] ] ] } },
{ "type": "Feature", "properties": { "province_id": "831ee1fffffffff", "name": "Romania 13", "country": "Romania", "neighbors": [ "831e52fffffffff", "831ee0fffffffff", "831ee3fffffffff", "831ee5fffffffff", "831eecfffffffff", "831eeefffffffff" ], "centroid_lon": 24.707201372993104, "centroid_lat": 45.018389518717584, "land_frac": 1.0 }, "geometry": { "type": "Polygon", "coordinates": [ [ [ 23.929396314808805, 45.360632554913202 ], [ 23.888356253421339, 44.736657237188311 ], [ 24.661008908179674, 44.394341644071666 ], [ 25.479185192044575, 44.673329018461828 ], [ 25.532272646604849, 45.29673751871178 ], [ 24.755174524240552, 45.641782383636667 ], [ 23.929396314808805, 45.360632554913202 ] ] ] } },
{ "type": "Feature", "properties": { "province_id": "831eecfffffffff", "name": "Romania 14", "country": "Romania", "neighbors": [ "831e52fffffffff", "831e53fffffffff", "831ee1fffffffff", "831ee8fffffffff", "831eedfffffffff", "831eeefffffffff" ], "centroid_lon": 26.301401206410407, "centroid_lat": 44.943708804327891, "land_frac": 1.0 }, "geometry": { "type": "Polygon", "coordinates": [ [ [ 25.532272646604849, 45.29673751871178 ], [ 25.479185192044575, 44.673329018461828 ], [ 26.243563047294529, 44.320374208651181 ], [ 27.064701581782661, 44.588046390303454 ], [ 27.129673001294314, 45.210554927355595 ], [ 26.361674522937456, 45.566346956491088 ], [ 25.532272646604849, 45.29673751871178 ] ] ] } },
{ "type": "Feature", "properties": { "province_id": "831eedfffffffff", "name": "Romania 15", "country": "Romania", "neighbors": [ "831e53fffffffff", "831ee8fffffffff", "831ee9fffffffff", "831eecfffffffff" ], "centroid_lon": 27.888997721571204, "centroid_lat": 44.847039769010088, "land_frac": 0.5831 }, "geometry": { "type": "Polygon", "coordinates": [ [ [ 27.129673001294314, 45.210554927355595 ], [ 27.064701581782661, 44.588046390303454 ], [ 27.819697017863483, 44.224742811988442 ], [ 28.642519518175899, 44.481082179628913 ], [ 28.719158606341775, 45.102363302933838 ], [ 27.96137390525891, 45.468586515077135 ], [ 27.129673001294314, 45.210554927355595 ] ] ] } },
{ "type": "Feature", "properties": { "province_id": "831ee3fffffffff", "name": "Romania 16", "country": "Romania", "neighbors": [ "831ec4fffffffff", "831ec5fffffffff", "831ee0fffffffff", "831ee1fffffffff", "831ee2fffffffff", "831eeefffffffff" ], "centroid_lon": 23.847529386476051, "centroid_lat": 44.106927098779821, "land_frac": 1.0 }, "geometry": { "type": "Polygon", "coordinates": [ [ [ 23.074421086567973, 44.44642456882606 ], [ 23.040233926330874, 43.816202655779577 ], [ 23.808112492533443, 43.476546770100903 ], [ 24.614981371586776, 43.764509541821255 ], [ 24.661008908179674, 44.394341644071666 ], [ 23.888356253421339, 44.736657237188311 ], [ 23.074421086567973, 44.44642456882606 ] ] ] } },
{ "type": "Feature", "properties": { "province_id": "831eeefffffffff", "name": "Romania 17", "country": "Romania", "neighbors": [ "831ec5fffffffff", "831ee1fffffffff", "831ee3fffffffff", "831ee8fffffffff", "831eeafffffffff", "831eecfffffffff" ], "centroid_lon": 25.426251597354515, "centroid_lat": 44.044176314471912, "land_frac": 1.0 }, "geometry": { "type": "Polygon", "coordinates": [ [ [ 24.661008908179674, 44.394341644071666 ], [ 24.614981371586776, 43.764509541821255 ], [ 25.37537573802544, 43.414338850252442 ], [ 26.18582434195379, 43.691271656381637 ], [ 26.243563047294529, 44.320374208651181 ], [ 25.479185192044575, 44.673329018461828 ], [ 24.661008908179674, 44.394341644071666 ] ] ] } },
{ "type": "Feature", "properties": { "province_id": "831e1bfffffffff", "name": "Serbia 1", "country": "Serbia", "neighbors": [ "831e18fffffffff", "831e19fffffffff", "831e1afffffffff", "831ee6fffffffff", "831ef4fffffffff", "831ef5fffffffff" ], "centroid_lon": 19.909534247389363, "centroid_lat": 45.108765754152067, "land_frac": 1.0 }, "geometry": { "type": "Polygon", "coordinates": [ [ [ 19.112924850722514, 45.417355910298653 ], [ 19.108450149681271, 44.793706753413083 ], [ 19.898852530954745, 44.484560043856433 ], [ 20.700525642136277, 44.796864045165989 ], [ 20.717202518416595, 45.42096045797441 ], [ 19.919996575525733, 45.732363240187659 ], [ 19.112924850722514, 45.417355910298653 ] ] ] } },
{ "type": "Feature", "properties": { "province_id": "831ef5fffffffff", "name": "Serbia 2", "country": "Serbia", "neighbors": [ "831e1bfffffffff", "831ee2fffffffff", "831ee6fffffffff", "831ef0fffffffff", "831ef1fffffffff", "831ef4fffffffff" ], "centroid_lon": 20.684173543583363, "centroid_lat": 44.167023698457669, "land_frac": 1.0 }, "geometry": { "type": "Polygon", "coordinates": [ [ [ 19.898852530954745, 44.484560043856433 ], [ 19.888518842013838, 43.854586368969983 ], [ 20.667920986804415, 43.536564174086159 ], [ 21.463951842551904, 43.846233907240865 ], [ 21.486222918721801, 44.47650323033708 ], [ 20.700525642136277, 44.796864045165989 ], [ 19.898852530954745, 44.484560043856433 ] ] ] } },
{ "type": "Feature", "properties": { "province_id": "831ee2fffffffff", "name": "Serbia 3", "country": "Serbia", "neighbors": [ "831ec4fffffffff", "831ee0fffffffff", "831ee3fffffffff", "831ee6fffffffff", "831ef1fffffffff", "831ef5fffffffff" ], "centroid_lon": 22.266035135662907, "centroid_lat": 44.147898851619601, "land_frac": 1.0 }, "geometry": { "type": "Polygon", "coordinates": [ [ [ 21.486222918721801, 44.47650323033708 ], [ 21.463951842551904, 43.846233907240865 ], [ 22.238176563447507, 43.51731064052877 ], [ 23.040233926330874, 43.816202655779577 ], [ 23.074421086567973, 44.44642456882606 ], [ 22.294649350207784, 44.777858784505085 ], [ 21.486222918721801, 44.47650323033708 ] ] ] } },
{ "type": "Feature", "properties": { "province_id": "831ef0fffffffff", "name": "Serbia 4", "country": "Serbia", "neighbors": [ "831ef1fffffffff", "831ef2fffffffff", "831ef3fffffffff", "831ef4fffffffff", "831ef5fffffffff", "831ef6fffffffff" ], "centroid_lon": 19.878532390362654, "centroid_lat": 43.219143360880793, "land_frac": 1.0 }, "geometry": { "type": "Polygon", "coordinates": [ [ [ 19.09970167185471, 43.53434040134357 ], [ 19.095424910188406, 42.898853181594596 ], [ 19.86831048946264, 42.583070485313542 ], [ 20.651982080158227, 42.900591224292839 ], [ 20.667920986804415, 43.536564174086159 ], [ 19.888518842013838, 43.854586368969983 ], [ 19.09970167185471, 43.53434040134357 ] ] ] } },
{ "type": "Feature", "properties": { "province_id": "831ef1fffffffff", "name": "Serbia 5", "country": "Serbia", "neighbors": [ "831ec4fffffffff", "831ec6fffffffff", "831ee2fffffffff", "831ef0fffffffff", "831ef3fffffffff", "831ef5fffffffff" ], "centroid_lon": 21.441971559545383, "centroid_lat": 43.210479812652999, "land_frac": 1.0 }, "geometry": { "type": "Polygon", "coordinates": [ [ [ 20.667920986804415, 43.536564174086159 ], [ 20.651982080158227, 42.900591224292839 ], [ 21.420398606460473, 42.574092952528538 ], [ 22.210568922965376, 42.881198647396033 ], [ 22.238176563447507, 43.51731064052877 ], [ 21.463951842551904, 43.846233907240865 ], [ 20.667920986804415, 43.536564174086159 ] ] ] } },
{ "type": "Feature", "properties": { "province_id": "831e12fffffffff", "name": "Slovenia 1", "country": "Slovenia", "neighbors": [ "831e10fffffffff", "831e13fffffffff", "831e16fffffffff", "831ea1fffffffff", "831ea5fffffffff", "831eacfffffffff" ], "centroid_lon": 14.306197464505393, "centroid_lat": 45.8878696321174, "land_frac": 0.9657 }, "geometry": { "type": "Polygon", "coordinates": [ [ [ 13.492666534684036, 46.151948352964531 ], [ 13.530910145820807, 45.538666100659931 ], [ 14.337206282444622, 45.273432225834704 ], [ 15.114563609957139, 45.62005996743882 ], [ 15.088333069960443, 46.234908979841627 ], [ 14.272671491943196, 46.501617382054377 ], [ 13.492666534684036, 46.151948352964531 ] ] ] } },
{ "type": "Feature", "properties": { "province_id": "83184afffffffff", "name": "Spain 1", "country": "Spain", "neighbors": [ "83184bfffffffff", "831859fffffffff", "83392dfffffffff" ], "centroid_lon": -3.5304215766447888, "centroid_lat": 44.029779083549101, "land_frac": 0.011 }, "geometry": { "type": "Polygon", "coordinates": [ [ [ -3.697741570741788, 44.659305749914928 ], [ -4.337861111211692, 44.256320332552448 ], [ -4.162634555966764, 43.625898817833182 ], [ -3.362059156504881, 43.400471346850154 ], [ -2.72936438393759, 43.800300021628878 ], [ -2.889793950502558, 44.428665221765414 ], [ -3.697741570741788, 44.659305749914928 ] ] ] } },
{ "type": "Feature", "properties": { "province_id": "831859fffffffff", "name": "Spain 2", "country": "Spain", "neighbors": [ "83184afffffffff", "83185bfffffffff", "83392cfffffffff", "83392dfffffffff" ], "centroid_lon": -4.9757092461874528, "centroid_lat": 43.846183188614155, "land_frac": 0.1418 }, "geometry": { "type": "Polygon", "coordinates": [ [ [ -5.158102512737455, 44.47757600380821 ], [ -5.795077802759338, 44.063280005671345 ], [ -5.605093241211005, 43.431162644101946 ], [ -4.792848883724728, 43.214988101342101 ], [ -4.162634555966764, 43.625898817833182 ], [ -4.337861111211692, 44.256320332552448 ], [ -5.158102512737455, 44.47757600380821 ] ] ] } },
{ "type": "Feature", "properties": { "province_id": "83185bfffffffff", "name": "Spain 3", "country": "Spain", "neighbors": [ "831859fffffffff", "833921fffffffff", "833925fffffffff", "83392cfffffffff" ], "centroid_lon": -6.4292725910294672, "centroid_lat": 43.641899692806632, "land_frac": 0.4503 }, "geometry": { "type": "Polygon", "coordinates": [ [ [ -6.626676373598833, 44.274787343151175 ], [ -7.259630291762387, 43.849202278211322 ], [ -7.054985220009939, 43.215758050308757 ], [ -6.231987967712129, 43.009175863746854 ], [ -5.605093241211005, 43.431162644101946 ], [ -5.795077802759338, 44.063280005671345 ], [ -6.626676373598833, 44.274787343151175 ] ] ] } },
{ "type": "Feature", "properties": { "province_id": "833925fffffffff", "name": "Spain 4", "country": "Spain", "neighbors": [ "83185bfffffffff", "833920fffffffff", "833921fffffffff", "833924fffffffff" ], "centroid_lon": -7.8892982504250071, "centroid_lat": 43.416627679402438, "land_frac": 0.6888 }, "geometry": { "type": "Polygon", "coordinates": [ [ [ -8.101589192291547, 44.050631052187107 ], [ -8.729648290589111, 43.613820256710035 ], [ -8.510499150475857, 42.979424663895905 ], [ -7.677720119391407, 42.782740973420836 ], [ -7.054985220009939, 43.215758050308757 ], [ -7.259630291762387, 43.849202278211322 ], [ -8.101589192291547, 44.050631052187107 ] ] ] } },
{ "type": "Feature", "properties": { "province_id": "83184bfffffffff", "name": "Spain 5", "country": "Spain", "neighbors": [ "831849fffffffff", "83184afffffffff", "833929fffffffff", "83392dfffffffff", "833974fffffffff" ], "centroid_lon": -2.5743088888774674, "centroid_lat": 43.17026178089467, "land_frac": 0.7281 }, "geometry": { "type": "Polygon", "coordinates": [ [ [ -2.72936438393759, 43.800300021628878 ], [ -3.362059156504881, 43.400471346850154 ], [ -3.199092316287144, 42.769427132384514 ], [ -2.417795830700226, 42.540479965651208 ], [ -1.792726468170899, 42.937258219605852 ], [ -1.941313203208548, 43.565988727925557 ], [ -2.72936438393759, 43.800300021628878 ] ] ] } },
{ "type": "Feature", "properties": { "province_id": "833924fffffffff", "name": "Spain 6", "country": "Spain", "neighbors": [ "833920fffffffff", "833925fffffffff" ], "centroid_lon": -9.3539232529367364, "centroid_lat": 43.170142808803064, "land_frac": 0.2046 }, "geometry": { "type": "Polygon", "coordinates": [ [ [ -9.580917278, 43.804877104748876 ], [ -10.203218818647281, 43.35694709497956 ], [ -9.969780665492223, 42.721980067575096 ], [ -9.128239421981958, 42.535464367058168 ], [ -8.510499150475857, 42.979424663895905 ], [ -8.729648290589111, 43.613820256710035 ], [ -9.580917278, 43.804877104748876 ] ] ] } },
{ "type": "Feature", "properties": { "province_id": "83392dfffffffff", "name": "Spain 7", "country": "Spain", "neighbors": [ "83184afffffffff", "83184bfffffffff", "831859fffffffff", "833928fffffffff", "833929fffffffff", "83392cfffffffff" ], "centroid_lon": -3.992917843870095, "centroid_lat": 42.993729039746384, "land_frac": 0.9484 }, "geometry": { "type": "Polygon", "coordinates": [ [ [ -4.162634555966764, 43.625898817833182 ], [ -4.792848883724728, 43.214988101342101 ], [ -4.615502179663043, 42.581981335910811 ], [ -3.82229083766801, 42.361800845664256 ], [ -3.199092316287144, 42.769427132384514 ], [ -3.362059156504881, 43.400471346850154 ], [ -4.162634555966764, 43.625898817833182 ] ] ] } },
{ "type": "Feature", "properties": { "province_id": "83392cfffffffff", "name": "Spain 8", "country": "Spain", "neighbors": [ "831859fffffffff", "83185bfffffffff", "833921fffffffff", "833928fffffffff", "83392dfffffffff", "83392efffffffff" ], "centroid_lon": -5.4207362826486349, "centroid_lat": 42.797223683543272, "land_frac": 1.0 }, "geometry": { "type": "Polygon", "coordinates": [ [ [ -5.605093241211005, 43.431162644101946 ], [ -6.231987967712129, 43.009175863746854 ], [ -6.040316275182286, 42.374567591714126 ], [ -5.236029306094975, 42.163499391767274 ], [ -4.615502179663043, 42.581981335910811 ], [ -4.792848883724728, 43.214988101342101 ], [ -5.605093241211005, 43.431162644101946 ] ] ] } },
{ "type": "Feature", "properties": { "province_id": "833962fffffffff", "name": "Spain 9", "country": "Spain", "neighbors": [ "833944fffffffff", "833960fffffffff", "833963fffffffff", "833966fffffffff", "833971fffffffff", "833975fffffffff" ], "centroid_lon": 1.1009107012340045, "centroid_lat": 42.595984823954382, "land_frac": 1.0 }, "geometry": { "type": "Polygon", "coordinates": [ [ [ 0.983680663970085, 43.215793940199823 ], [ 0.357222697851024, 42.840547845508539 ], [ 0.480701585829757, 42.214858787224308 ], [ 1.216870660054331, 41.967575126995605 ], [ 1.848286528562975, 42.384487443858703 ], [ 1.731414662603743, 42.986442187173054 ], [ 1.479020928139107, 43.047511705154818 ], [ 0.983680663970085, 43.215793940199823 ] ] ] } },
{ "type": "Feature", "properties": { "province_id": "833921fffffffff", "name": "Spain 10", "country": "Spain", "neighbors": [ "83185bfffffffff", "833920fffffffff", "833923fffffffff", "833925fffffffff", "83392cfffffffff", "83392efffffffff" ], "centroid_lon": -6.8560657523532678, "centroid_lat": 42.580421545708155, "land_frac": 1.0 }, "geometry": { "type": "Polygon", "coordinates": [ [ [ -7.054985220009939, 43.215758050308757 ], [ -7.677720119391407, 42.782740973420836 ], [ -7.47183382378607, 42.146900290559749 ], [ -6.657366351201524, 41.945260120786848 ], [ -6.040316275182286, 42.374567591714126 ], [ -6.231987967712129, 43.009175863746854 ], [ -7.054985220009939, 43.215758050308757 ] ] ] } },
{ "type": "Feature", "properties": { "province_id": "833975fffffffff", "name": "Spain 11", "country": "Spain", "neighbors": [ "831849fffffffff", "833962fffffffff", "833966fffffffff", "833970fffffffff", "833971fffffffff", "833974fffffffff" ], "centroid_lon": -0.26873000741723602, "centroid_lat": 42.458594573558138, "land_frac": 1.0 }, "geometry": { "type": "Polygon", "coordinates": [ [ [ -0.3979729448556, 43.085889957900712 ], [ -1.024123399077627, 42.699916303681313 ], [ -0.886769235862966, 42.071344420117825 ], [ -0.137148664556829, 41.831588390647376 ], [ 0.480701585829757, 42.214858787224308 ], [ 0.357222697851024, 42.840547845508539 ], [ -0.3979729448556, 43.085889957900712 ] ] ] } },
{ "type": "Feature", "properties": { "province_id": "833920fffffffff", "name": "Spain 12", "country": "Spain", "neighbors": [ "833921fffffffff", "833922fffffffff", "833923fffffffff", "833924fffffffff", "833925fffffffff" ], "centroid_lon": -8.2971522990006719, "centroid_lat": 42.343069576476886, "land_frac": 0.8967 }, "geometry": { "type": "Polygon", "coordinates": [ [ [ -8.510499150475857, 42.979424663895905 ], [ -9.128239421981958, 42.535464367058168 ], [ -8.908304610183126, 41.898766462967657 ], [ -8.084602039087075, 41.706836824474131 ], [ -7.47183382378607, 42.146900290559749 ], [ -7.677720119391407, 42.782740973420836 ], [ -8.510499150475857, 42.979424663895905 ] ] ] } },
{ "type": "Feature", "properties": { "province_id": "833974fffffffff", "name": "Spain 13", "country": "Spain", "neighbors": [ "831849fffffffff", "83184bfffffffff", "833929fffffffff", "833970fffffffff", "833975fffffffff", "833976fffffffff" ], "centroid_lon": -1.6493091570981255, "centroid_lat": 42.307242285219864, "land_frac": 1.0 }, "geometry": { "type": "Polygon", "coordinates": [ [ [ -1.792726468170899, 42.937258219605852 ], [ -2.417795830700226, 42.540479965651208 ], [ -2.266483650203029, 41.909353694092822 ], [ -1.504055150090001, 41.677517138680635 ], [ -0.886769235862966, 42.071344420117825 ], [ -1.024123399077627, 42.699916303681313 ], [ -1.792726468170899, 42.937258219605852 ] ] ] } },
{ "type": "Feature", "properties": { "province_id": "833929fffffffff", "name": "Spain 14", "country": "Spain", "neighbors": [ "83184bfffffffff", "833928fffffffff", "83392bfffffffff", "83392dfffffffff", "833974fffffffff", "833976fffffffff" ], "centroid_lon": -3.0414334942523342, "centroid_lat": 42.137030918124005, "land_frac": 1.0 }, "geometry": { "type": "Polygon", "coordinates": [ [ [ -3.199092316287144, 42.769427132384514 ], [ -3.82229083766801, 42.361800845664256 ], [ -3.656986890466552, 41.728461227542859 ], [ -2.882457040026712, 41.504916379148781 ], [ -2.266483650203029, 41.909353694092822 ], [ -2.417795830700226, 42.540479965651208 ], [ -3.199092316287144, 42.769427132384514 ] ] ] } },
{ "type": "Feature", "properties": { "province_id": "833945fffffffff", "name": "Spain 15", "country": "Spain", "neighbors": [ "833944fffffffff", "833963fffffffff", "83396efffffffff" ], "centroid_lon": 3.3584402448447119, "centroid_lat": 41.994313201881511, "land_frac": 0.2803 }, "geometry": { "type": "Polygon", "coordinates": [ [ [ 2.601521381382716, 42.193195882502337 ], [ 2.711858090588736, 41.583975040817393 ], [ 3.461429510130569, 41.382558498955596 ], [ 4.111804032538861, 41.791133453020358 ], [ 4.010175649705063, 42.404119013332085 ], [ 3.249349596693648, 42.60479220712697 ], [ 2.601521381382716, 42.193195882502337 ] ] ] } },
{ "type": "Feature", "properties": { "province_id": "833928fffffffff", "name": "Spain 16", "country": "Spain", "neighbors": [ "833929fffffffff", "83392afffffffff", "83392bfffffffff", "83392cfffffffff", "83392dfffffffff", "83392efffffffff" ], "centroid_lon": -4.4435859967763864, "centroid_lat": 41.947557338058907, "land_frac": 1.0 }, "geometry": { "type": "Polygon", "coordinates": [ [ [ -4.615502179663043, 42.581981335910811 ], [ -5.236029306094975, 42.163499391767274 ], [ -5.056750625883337, 41.528298547848138 ], [ -4.270885958190804, 41.313394470654465 ], [ -3.656986890466552, 41.728461227542859 ], [ -3.82229083766801, 42.361800845664256 ], [ -4.615502179663043, 42.581981335910811 ] ] ] } },
{ "type": "Feature", "properties": { "province_id": "833944fffffffff", "name": "Spain 17", "country": "Spain", "neighbors": [ "833945fffffffff", "833946fffffffff", "833962fffffffff", "833963fffffffff", "833971fffffffff" ], "centroid_lon": 1.9660444676513402, "centroid_lat": 41.777931463759145, "land_frac": 0.9352 }, "geometry": { "type": "Polygon", "coordinates": [ [ [ 1.216870660054356, 41.967575126995584 ], [ 1.335479346757242, 41.362335540468607 ], [ 2.077349909781288, 41.170003505604861 ], [ 2.711858090588736, 41.583975040817393 ], [ 2.601521381382716, 42.193195882502337 ], [ 1.848286528562975, 42.384487443858703 ], [ 1.216870660054356, 41.967575126995584 ] ] ] } },
{ "type": "Feature", "properties": { "province_id": "83392efffffffff", "name": "Spain 18", "country": "Spain", "neighbors": [ "833905fffffffff", "833921fffffffff", "833923fffffffff", "833928fffffffff", "83392afffffffff", "83392cfffffffff" ], "centroid_lon": -5.8541798006895762, "centroid_lat": 41.738478883082578, "land_frac": 1.0 }, "geometry": { "type": "Polygon", "coordinates": [ [ [ -6.040316275182286, 42.374567591714126 ], [ -6.657366351201524, 41.945260120786848 ], [ -6.464181984237851, 41.308559570846796 ], [ -5.667805086721227, 41.102618683245616 ], [ -5.056750625883337, 41.528298547848138 ], [ -5.236029306094975, 42.163499391767274 ], [ -6.040316275182286, 42.374567591714126 ] ] ] } },
{ "type": "Feature", "properties": { "province_id": "833971fffffffff", "name": "Spain 19", "country": "Spain", "neighbors": [ "833944fffffffff", "833946fffffffff", "833962fffffffff", "833970fffffffff", "833973fffffffff", "833975fffffffff" ], "centroid_lon": 0.59962102517484439, "centroid_lat": 41.588848105064585, "land_frac": 1.0 }, "geometry": { "type": "Polygon", "coordinates": [ [ [ 0.480701585829757, 42.214858787224308 ], [ -0.137148664556829, 41.831588390647376 ], [ -0.0104408777774, 41.2036823582362 ], [ 0.720675153926911, 40.962103565427931 ], [ 1.02508514678417, 41.153182467104308 ], [ 1.335479346757242, 41.362335540468607 ], [ 1.216870660054331, 41.967575126995605 ], [ 0.480701585829757, 42.214858787224308 ] ] ] } },
{ "type": "Feature", "properties": { "province_id": "833970fffffffff", "name": "Spain 20", "country": "Spain", "neighbors": [ "833971fffffffff", "833972fffffffff", "833973fffffffff", "833974fffffffff", "833975fffffffff", "833976fffffffff" ], "centroid_lon": -0.75438708792754627, "centroid_lat": 41.441867904417755, "land_frac": 1.0 }, "geometry": { "type": "Polygon", "coordinates": [ [ [ -0.886769235862966, 42.071344420117825 ], [ -1.504055150090001, 41.677517138680635 ], [ -1.363813461489082, 41.046833094435044 ], [ -0.619823580203218, 40.812713840718494 ], [ -0.0104408777774, 41.2036823582362 ], [ -0.137148664556829, 41.831588390647376 ], [ -0.886769235862966, 42.071344420117825 ] ] ] } },
{ "type": "Feature", "properties": { "province_id": "833976fffffffff", "name": "Spain 21", "country": "Spain", "neighbors": [ "83390dfffffffff", "833929fffffffff", "83392bfffffffff", "833970fffffffff", "833972fffffffff", "833974fffffffff" ], "centroid_lon": -2.1202838372326323, "centroid_lat": 41.277265216970122, "land_frac": 1.0 }, "geometry": { "type": "Polygon", "coordinates": [ [ [ -2.266483650203029, 41.909353694092822 ], [ -2.882457040026712, 41.504916379148781 ], [ -2.728618078760513, 40.871784609538075 ], [ -1.972393651246273, 40.645495201100871 ], [ -1.363813461489082, 41.046833094435044 ], [ -1.504055150090001, 41.677517138680635 ], [ -2.266483650203029, 41.909353694092822 ] ] ] } },
{ "type": "Feature", "properties": { "province_id": "83392bfffffffff", "name": "Spain 22", "country": "Spain", "neighbors": [ "83390cfffffffff", "83390dfffffffff", "833928fffffffff", "833929fffffffff", "83392afffffffff", "833976fffffffff" ], "centroid_lon": -3.4969213339117236, "centroid_lat": 41.094102696015767, "land_frac": 1.0 }, "geometry": { "type": "Polygon", "coordinates": [ [ [ -3.656986890466552, 41.728461227542859 ], [ -4.270885958190804, 41.313394470654465 ], [ -4.103433365619415, 40.678157353505945 ], [ -3.335672466641673, 40.460047845063137 ], [ -2.728618078760513, 40.871784609538075 ], [ -2.882457040026712, 41.504916379148781 ], [ -3.656986890466552, 41.728461227542859 ] ] ] } },
{ "type": "Feature", "properties": { "province_id": "83392afffffffff", "name": "Spain 23", "country": "Spain", "neighbors": [ "833901fffffffff", "833905fffffffff", "83390cfffffffff", "833928fffffffff", "83392bfffffffff", "83392efffffffff" ], "centroid_lon": -4.8828203642481611, "centroid_lat": 40.892023554066618, "land_frac": 1.0 }, "geometry": { "type": "Polygon", "coordinates": [ [ [ -5.056750625883337, 41.528298547848138 ], [ -5.667805086721227, 41.102618683245616 ], [ -5.486771019829574, 40.46562916508217 ], [ -4.708227372662666, 40.256025993019527 ], [ -4.103433365619415, 40.678157353505945 ], [ -4.270885958190804, 41.313394470654465 ], [ -5.056750625883337, 41.528298547848138 ] ] ] } },
{ "type": "Feature", "properties": { "province_id": "833946fffffffff", "name": "Spain 24", "country": "Spain", "neighbors": [ "833942fffffffff", "833944fffffffff", "833971fffffffff", "833973fffffffff" ], "centroid_lon": 1.4549839801907409, "centroid_lat": 40.753332546217123, "land_frac": 0.1168 }, "geometry": { "type": "Polygon", "coordinates": [ [ [ 0.720675153926911, 40.962103565427931 ], [ 0.837298257185603, 40.335352733354235 ], [ 1.568026976585667, 40.141858638280048 ], [ 2.189601706071174, 40.557702944394961 ], [ 2.077349909781288, 41.170003505604861 ], [ 1.335479346757242, 41.362335540468607 ], [ 1.025085146784179, 41.153182467104308 ], [ 0.720675153926911, 40.962103565427931 ] ] ] } },
{ "type": "Feature", "properties": { "province_id": "833905fffffffff", "name": "Spain 25", "country": "Spain", "neighbors": [ "833900fffffffff", "833901fffffffff", "833904fffffffff", "833923fffffffff", "83392afffffffff", "83392efffffffff" ], "centroid_lon": -6.276438520315275, "centroid_lat": 40.6707317477101, "land_frac": 1.0 }, "geometry": { "type": "Polygon", "coordinates": [ [ [ -6.464181984237851, 41.308559570846796 ], [ -7.071618472393741, 40.872320414348209 ], [ -6.877084575502224, 40.233940341592344 ], [ -6.088563659043388, 40.033143057200654 ], [ -5.486771019829574, 40.46562916508217 ], [ -5.667805086721227, 41.102618683245616 ], [ -6.464181984237851, 41.308559570846796 ] ] ] } },
{ "type": "Feature", "properties": { "province_id": "833973fffffffff", "name": "Spain 26", "country": "Spain", "neighbors": [ "833946fffffffff", "833954fffffffff", "833970fffffffff", "833971fffffffff", "833972fffffffff" ], "centroid_lon": 0.11148511705085122, "centroid_lat": 40.575244389448052, "land_frac": 0.8266 }, "geometry": { "type": "Polygon", "coordinates": [ [ [ -0.0104408777774, 41.2036823582362 ], [ -0.619823580203218, 40.812713840718494 ], [ -0.490090005311648, 40.182978637698831 ], [ 0.23590429572141, 39.947158227000877 ], [ 0.8372982571856, 40.335352733354249 ], [ 0.720675153926911, 40.962103565427931 ], [ -0.0104408777774, 41.2036823582362 ] ] ] } },
{ "type": "Feature", "properties": { "province_id": "833972fffffffff", "name": "Spain 27", "country": "Spain", "neighbors": [ "833909fffffffff", "83390dfffffffff", "833954fffffffff", "833970fffffffff", "833973fffffffff", "833976fffffffff" ], "centroid_lon": -1.2284947663867716, "centroid_lat": 40.41556880839822, "land_frac": 1.0 }, "geometry": { "type": "Polygon", "coordinates": [ [ [ -1.363813461489082, 41.046833094435044 ], [ -1.972393651246273, 40.645495201100871 ], [ -1.829460606051099, 40.013094665300095 ], [ -1.091146154913164, 39.784656881802441 ], [ -0.490090005311648, 40.182978637698831 ], [ -0.619823580203218, 40.812713840718494 ], [ -1.363813461489082, 41.046833094435044 ] ] ] } },
{ "type": "Feature", "properties": { "province_id": "83390dfffffffff", "name": "Spain 28", "country": "Spain", "neighbors": [ "833908fffffffff", "833909fffffffff", "83390cfffffffff", "83392bfffffffff", "833972fffffffff", "833976fffffffff" ], "centroid_lon": -2.5798305934723715, "centroid_lat": 40.23802475027864, "land_frac": 1.0 }, "geometry": { "type": "Polygon", "coordinates": [ [ [ -2.728618078760513, 40.871784609538075 ], [ -3.335672466641673, 40.460047845063137 ], [ -3.179494313064517, 39.82531394945287 ], [ -2.429493588650003, 39.604607648891239 ], [ -1.829460606051099, 40.013094665300095 ], [ -1.972393651246273, 40.645495201100871 ], [ -2.728618078760513, 40.871784609538075 ] ] ] } },
{ "type": "Feature", "properties": { "province_id": "833943fffffffff", "name": "Spain 29", "country": "Spain", "neighbors": [ "833942fffffffff", "83395cfffffffff" ], "centroid_lon": 3.6701069055254765, "centroid_lat": 40.145906491699272, "land_frac": 0.103 }, "geometry": { "type": "Polygon", "coordinates": [ [ [ 2.928119050013072, 40.35541574851819 ], [ 3.03410023003898, 39.736319918684345 ], [ 3.768972784993891, 39.524231172627708 ], [ 4.408495454619825, 39.931959358965955 ], [ 4.310936816504858, 40.554931066869095 ], [ 3.565326316098914, 40.766324353732436 ], [ 2.928119050013072, 40.35541574851819 ] ] ] } },
{ "type": "Feature", "properties": { "province_id": "83390cfffffffff", "name": "Spain 30", "country": "Spain", "neighbors": [ "833901fffffffff", "833908fffffffff", "83390dfffffffff", "83390efffffffff", "83392afffffffff", "83392bfffffffff" ], "centroid_lon": -3.9411464076245033, "centroid_lat": 40.04224528330375, "land_frac": 1.0 }, "geometry": { "type": "Polygon", "coordinates": [ [ [ -4.103433365619415, 40.678157353505945 ], [ -4.708227372662666, 40.256025993019527 ], [ -4.538803541696006, 39.619302277977113 ], [ -3.777805201244798, 39.406655515340965 ], [ -3.179494313064517, 39.82531394945287 ], [ -3.335672466641673, 40.460047845063137 ], [ -4.103433365619415, 40.678157353505945 ] ] ] } },
{ "type": "Feature", "properties": { "province_id": "833942fffffffff", "name": "Spain 31", "country": "Spain", "neighbors": [ "833943fffffffff", "833946fffffffff", "833951fffffffff", "83395cfffffffff" ], "centroid_lon": 2.3027749874502734, "centroid_lat": 39.941319806254675, "land_frac": 0.1103 }, "geometry": { "type": "Polygon", "coordinates": [ [ [ 1.568026976585667, 40.141858638280048 ], [ 1.682024938445927, 39.526861282935819 ], [ 2.409690639398468, 39.323587881774799 ], [ 3.03410023003898, 39.736319918684345 ], [ 2.928119050013072, 40.35541574851819 ], [ 2.189601706071174, 40.557702944394961 ], [ 1.568026976585667, 40.141858638280048 ] ] ] } },
{ "type": "Feature", "properties": { "province_id": "833901fffffffff", "name": "Spain 32", "country": "Spain", "neighbors": [ "833900fffffffff", "833903fffffffff", "833905fffffffff", "83390cfffffffff", "83390efffffffff", "83392afffffffff" ], "centroid_lon": -5.3110009067595021, "centroid_lat": 39.827919378303989, "land_frac": 1.0 }, "geometry": { "type": "Polygon", "coordinates": [ [ [ -5.486771019829574, 40.46562916508217 ], [ -6.088563659043388, 40.033143057200654 ], [ -5.905939897659494, 39.394783109439281 ], [ -5.134684216408052, 39.190499964325767 ], [ -4.538803541696006, 39.619302277977113 ], [ -4.708227372662666, 40.256025993019527 ], [ -5.486771019829574, 40.46562916508217 ] ] ] } },
{ "type": "Feature", "properties": { "province_id": "833900fffffffff", "name": "Spain 33", "country": "Spain", "neighbors": [ "833901fffffffff", "833902fffffffff", "833903fffffffff", "833904fffffffff", "833905fffffffff", "833906fffffffff" ], "centroid_lon": -6.6878957195100375, "centroid_lat": 39.594796824823739, "land_frac": 1.0 }, "geometry": { "type": "Polygon", "coordinates": [ [ [ -6.877084575502224, 40.233940341592344 ], [ -7.475133569899526, 39.791176439916526 ], [ -7.279402685327193, 39.151542234132904 ], [ -6.498677693268375, 38.955899753090208 ], [ -5.905939897659494, 39.394783109439281 ], [ -6.088563659043388, 40.033143057200654 ], [ -6.877084575502224, 40.233940341592344 ] ] ] } },
{ "type": "Feature", "properties": { "province_id": "833954fffffffff", "name": "Spain 34", "country": "Spain", "neighbors": [ "833909fffffffff", "833950fffffffff", "833956fffffffff", "833972fffffffff", "833973fffffffff" ], "centroid_lon": -0.36509634961938886, "centroid_lat": 39.553036053718763, "land_frac": 0.6513 }, "geometry": { "type": "Polygon", "coordinates": [ [ [ -0.490090005311648, 40.182978637698831 ], [ -1.091146154913164, 39.784656881802441 ], [ -0.958579644772751, 39.153492329894597 ], [ -0.237764931513972, 38.923477214225088 ], [ 0.355669787869915, 39.318859633520532 ], [ 0.23590429572141, 39.947158227000877 ], [ -0.490090005311648, 40.182978637698831 ] ] ] } },
{ "type": "Feature", "properties": { "province_id": "833909fffffffff", "name": "Spain 35", "country": "Spain", "neighbors": [ "833908fffffffff", "83390bfffffffff", "83390dfffffffff", "833954fffffffff", "833956fffffffff", "833972fffffffff" ], "centroid_lon": -1.6913975064160958, "centroid_lat": 39.380448010499691, "land_frac": 1.0 }, "geometry": { "type": "Polygon", "coordinates": [ [ [ -1.829460606051099, 40.013094665300095 ], [ -2.429493588650003, 39.604607648891239 ], [ -2.284054920639665, 38.970898190928359 ], [ -1.551450647902212, 38.748180118831151 ], [ -0.958579644772751, 39.153492329894597 ], [ -1.091146154913164, 39.784656881802441 ], [ -1.829460606051099, 40.013094665300095 ] ] ] } },
{ "type": "Feature", "properties": { "province_id": "833908fffffffff", "name": "Spain 36", "country": "Spain", "neighbors": [ "833909fffffffff", "83390afffffffff", "83390bfffffffff", "83390cfffffffff", "83390dfffffffff", "83390efffffffff" ], "centroid_lon": -3.0283033434321744, "centroid_lat": 39.190295761643192, "land_frac": 1.0 }, "geometry": { "type": "Polygon", "coordinates": [ [ [ -3.179494313064517, 39.82531394945287 ], [ -3.777805201244798, 39.406655515340965 ], [ -3.619464947369559, 38.770734607301009 ], [ -2.875698556136827, 38.555641110291162 ], [ -2.284054920639665, 38.970898190928359 ], [ -2.429493588650003, 39.604607648891239 ], [ -3.179494313064517, 39.82531394945287 ] ] ] } },
{ "type": "Feature", "properties": { "province_id": "83395cfffffffff", "name": "Spain 37", "country": "Spain", "neighbors": [ "833942fffffffff", "833943fffffffff", "833951fffffffff" ], "centroid_lon": 3.1409987655627631, "centroid_lat": 39.113371963612764, "land_frac": 0.1373 }, "geometry": { "type": "Polygon", "coordinates": [ [ [ 2.409690639398468, 39.323587881774799 ], [ 2.517583691223503, 38.702026973292227 ], [ 3.241901023783921, 38.489133513673742 ], [ 3.868776009695359, 38.898628630301019 ], [ 3.768972784993891, 39.524231172627708 ], [ 3.03410023003898, 39.736319918684345 ], [ 2.409690639398468, 39.323587881774799 ] ] ] } },
{ "type": "Feature", "properties": { "province_id": "83390efffffffff", "name": "Spain 38", "country": "Spain", "neighbors": [ "833901fffffffff", "833903fffffffff", "833908fffffffff", "83390afffffffff", "83390cfffffffff", "83391dfffffffff" ], "centroid_lon": -4.3744698754222435, "centroid_lat": 38.982257149713931, "land_frac": 1.0 }, "geometry": { "type": "Polygon", "coordinates": [ [ [ -4.538803541696006, 39.619302277977113 ], [ -5.134684216408052, 39.190499964325767 ], [ -4.963456118392566, 38.552712091080387 ], [ -4.209206076878462, 38.345549441662946 ], [ -3.619464947369559, 38.770734607301009 ], [ -3.777805201244798, 39.406655515340965 ], [ -4.538803541696006, 39.619302277977113 ] ] ] } },
{ "type": "Feature", "properties": { "province_id": "833951fffffffff", "name": "Spain 39", "country": "Spain", "neighbors": [ "833942fffffffff", "833950fffffffff", "83395cfffffffff" ], "centroid_lon": 1.7969774054031977, "centroid_lat": 38.908110154120415, "land_frac": 0.0556 }, "geometry": { "type": "Polygon", "coordinates": [ [ [ 1.07300763005389, 39.109644404674683 ], [ 1.188593848273158, 38.492342142596307 ], [ 1.905611359737115, 38.287978919472536 ], [ 2.517583691223503, 38.702026973292227 ], [ 2.409690639398468, 39.323587881774799 ], [ 1.682024938445927, 39.526861282935819 ], [ 1.07300763005389, 39.109644404674683 ] ] ] } },
{ "type": "Feature", "properties": { "province_id": "833903fffffffff", "name": "Spain 40", "country": "Spain", "neighbors": [ "833900fffffffff", "833901fffffffff", "833902fffffffff", "83390efffffffff", "83391cfffffffff", "83391dfffffffff" ], "centroid_lon": -5.7284936501070494, "centroid_lat": 38.756066196942186, "land_frac": 1.0 }, "geometry": { "type": "Polygon", "coordinates": [ [ [ -5.905939897659494, 39.394783109439281 ], [ -6.498677693268375, 38.955899753090208 ], [ -6.314619680782875, 38.316598908450672 ], [ -5.55061230624903, 38.117649137893018 ], [ -4.963456118392566, 38.552712091080387 ], [ -5.134684216408052, 39.190499964325767 ], [ -5.905939897659494, 39.394783109439281 ] ] ] } },
{ "type": "Feature", "properties": { "province_id": "833950fffffffff", "name": "Spain 41", "country": "Spain", "neighbors": [ "833951fffffffff", "833954fffffffff", "833956fffffffff" ], "centroid_lon": 0.47496393309845386, "centroid_lat": 38.697959725570414, "land_frac": 0.0844 }, "geometry": { "type": "Polygon", "coordinates": [ [ [ -0.237764931513972, 38.923477214225088 ], [ -0.115045921690329, 38.294033593892763 ], [ 0.355185001796828, 38.140277582247414 ], [ 0.591768548512246, 38.074248931497515 ], [ 1.188593848273158, 38.492342142596307 ], [ 1.07300763005389, 39.109644404674683 ], [ 0.592929330647606, 39.240155361101131 ], [ 0.355669787869915, 39.318859633520532 ], [ -0.237764931513972, 38.923477214225088 ] ] ] } },
{ "type": "Feature", "properties": { "province_id": "833956fffffffff", "name": "Spain 42", "country": "Spain", "neighbors": [ "833825fffffffff", "833909fffffffff", "83390bfffffffff", "833950fffffffff", "833954fffffffff" ], "centroid_lon": -0.83070702430428556, "centroid_lat": 38.522453519331322, "land_frac": 0.88 }, "geometry": { "type": "Polygon", "coordinates": [ [ [ -0.958579644772751, 39.153492329894597 ], [ -1.551450647902212, 38.748180118831151 ], [ -1.416234262837706, 38.115996722765409 ], [ -0.700646993056438, 37.891826766882154 ], [ -0.115045921690329, 38.294033593892763 ], [ -0.237764931513972, 38.923477214225088 ], [ -0.958579644772751, 39.153492329894597 ] ] ] } },
{ "type": "Feature", "properties": { "province_id": "833902fffffffff", "name": "Spain 43", "country": "Spain", "neighbors": [ "833900fffffffff", "833903fffffffff", "833906fffffffff", "833911fffffffff", "833915fffffffff", "83391cfffffffff" ], "centroid_lon": -7.0889197839695957, "centroid_lat": 38.51151762140347, "land_frac": 1.0 }, "geometry": { "type": "Polygon", "coordinates": [ [ [ -7.279402685327193, 39.151542234132904 ], [ -7.868285229185847, 38.702677295718601 ], [ -7.671499963992517, 38.062225333640299 ], [ -6.898505607651504, 37.871743381909369 ], [ -6.314619680782875, 38.316598908450672 ], [ -6.498677693268375, 38.955899753090208 ], [ -7.279402685327193, 39.151542234132904 ] ] ] } },
{ "type": "Feature", "properties": { "province_id": "83390bfffffffff", "name": "Spain 44", "country": "Spain", "neighbors": [ "833824fffffffff", "833825fffffffff", "833908fffffffff", "833909fffffffff", "83390afffffffff", "833956fffffffff" ], "centroid_lon": -2.1434295446072991, "centroid_lat": 38.337285221851907, "land_frac": 1.0 }, "geometry": { "type": "Polygon", "coordinates": [ [ [ -2.284054920639665, 38.970898190928359 ], [ -2.875698556136827, 38.555641110291162 ], [ -2.727930077471814, 37.921040776006812 ], [ -2.001061565733374, 37.704073773285145 ], [ -1.416234262837706, 38.115996722765409 ], [ -1.551450647902212, 38.748180118831151 ], [ -2.284054920639665, 38.970898190928359 ] ] ] } },
{ "type": "Feature", "properties": { "province_id": "83390afffffffff", "name": "Spain 45", "country": "Spain", "neighbors": [ "833824fffffffff", "833908fffffffff", "83390bfffffffff", "83390efffffffff", "833919fffffffff", "83391dfffffffff" ], "centroid_lon": -3.4660445918057925, "centroid_lat": 38.134881559213952, "land_frac": 1.0 }, "geometry": { "type": "Polygon", "coordinates": [ [ [ -3.619464947369559, 38.770734607301009 ], [ -4.209206076878462, 38.345549441662946 ], [ -4.048870873112635, 37.708866861731622 ], [ -3.311341253076581, 37.499409186860944 ], [ -2.727930077471814, 37.921040776006812 ], [ -2.875698556136827, 38.555641110291162 ], [ -3.619464947369559, 38.770734607301009 ] ] ] } },
{ "type": "Feature", "properties": { "province_id": "83391dfffffffff", "name": "Spain 46", "country": "Spain", "neighbors": [ "833903fffffffff", "83390afffffffff", "83390efffffffff", "833918fffffffff", "833919fffffffff", "83391cfffffffff" ], "centroid_lon": -4.797240387282427, "centroid_lat": 37.914964516702518, "land_frac": 1.0 }, "geometry": { "type": "Polygon", "coordinates": [ [ [ -4.963456118392566, 38.552712091080387 ], [ -5.55061230624903, 38.117649137893018 ], [ -5.377737065151397, 37.479229477923411 ], [ -4.630213972007883, 37.277565878467612 ], [ -4.048870873112635, 37.708866861731622 ], [ -4.209206076878462, 38.345549441662946 ], [ -4.963456118392566, 38.552712091080387 ] ] ] } },
{ "type": "Feature", "properties": { "province_id": "83391cfffffffff", "name": "Spain 47", "country": "Spain", "neighbors": [ "833902fffffffff", "833903fffffffff", "833911fffffffff", "833918fffffffff", "83391dfffffffff", "83391efffffffff" ], "centroid_lon": -6.1356511246658894, "centroid_lat": 37.677312337739536, "land_frac": 1.0 }, "geometry": { "type": "Polygon", "coordinates": [ [ [ -6.314619680782875, 38.316598908450672 ], [ -6.898505607651504, 37.871743381909369 ], [ -6.713159151091205, 37.231940761414059 ], [ -5.956354547782812, 37.03833156775822 ], [ -5.377737065151397, 37.479229477923411 ], [ -5.55061230624903, 38.117649137893018 ], [ -6.314619680782875, 38.316598908450672 ] ] ] } },
{ "type": "Feature", "properties": { "province_id": "833825fffffffff", "name": "Spain 48", "country": "Spain", "neighbors": [ "833820fffffffff", "833824fffffffff", "83390bfffffffff", "833956fffffffff" ], "centroid_lon": -1.2856619853588773, "centroid_lat": 37.484279485287054, "land_frac": 0.4791 }, "geometry": { "type": "Polygon", "coordinates": [ [ [ -1.416234262837706, 38.115996722765409 ], [ -2.001061565733374, 37.704073773285145 ], [ -1.863369025179074, 37.071291248323057 ], [ -1.153047830007466, 36.85299885201885 ], [ -0.575154179056126, 37.26165031809365 ], [ -0.700646993056438, 37.891826766882154 ], [ -1.416234262837706, 38.115996722765409 ] ] ] } },
{ "type": "Feature", "properties": { "province_id": "833824fffffffff", "name": "Spain 49", "country": "Spain", "neighbors": [ "833820fffffffff", "833825fffffffff", "833826fffffffff", "83390afffffffff", "83390bfffffffff", "833919fffffffff" ], "centroid_lon": -2.5849150274705135, "centroid_lat": 37.286886673693566, "land_frac": 0.9636 }, "geometry": { "type": "Polygon", "coordinates": [ [ [ -2.727930077471814, 37.921040776006812 ], [ -3.311341253076581, 37.499409186860944 ], [ -3.161409348392469, 36.864344937500668 ], [ -2.440293783683341, 36.653153081315068 ], [ -1.863369025179074, 37.071291248323057 ], [ -2.001061565733374, 37.704073773285145 ], [ -2.727930077471814, 37.921040776006812 ] ] ] } },
{ "type": "Feature", "properties": { "province_id": "833919fffffffff", "name": "Spain 50", "country": "Spain", "neighbors": [ "833824fffffffff", "833826fffffffff", "83390afffffffff", "833918fffffffff", "83391dfffffffff" ], "centroid_lon": -3.8933856692827735, "centroid_lat": 37.072611219930188, "land_frac": 0.8452 }, "geometry": { "type": "Polygon", "coordinates": [ [ [ -4.048870873112635, 37.708866861731622 ], [ -4.630213972007883, 37.277565878467612 ], [ -4.468041557187238, 36.640555543362041 ], [ -3.736743702316591, 36.43674965516054 ], [ -3.161409348392469, 36.864344937500668 ], [ -3.311341253076581, 37.499409186860944 ], [ -4.048870873112635, 37.708866861731622 ] ] ] } },
{ "type": "Feature", "properties": { "province_id": "833918fffffffff", "name": "Spain 51", "country": "Spain", "neighbors": [ "833919fffffffff", "83391afffffffff", "83391cfffffffff", "83391dfffffffff", "83391efffffffff" ], "centroid_lon": -5.2097944243367769, "centroid_lat": 36.84121849353383, "land_frac": 0.9217 }, "geometry": { "type": "Polygon", "coordinates": [ [ [ -5.377737065151397, 37.479229477923411 ], [ -5.956354547782812, 37.03833156775822 ], [ -5.781979998471222, 36.399720683292024 ], [ -5.041156125597554, 36.203564284899784 ], [ -4.468041557187238, 36.640555543362041 ], [ -4.630213972007883, 37.277565878467612 ], [ -5.377737065151397, 37.479229477923411 ] ] ] } },
{ "type": "Feature", "properties": { "province_id": "83391efffffffff", "name": "Spain 52", "country": "Spain", "neighbors": [ "833911fffffffff", "833918fffffffff", "83391afffffffff", "83391cfffffffff" ], "centroid_lon": -6.5328128067331619, "centroid_lat": 36.592530002271758, "land_frac": 0.3287 }, "geometry": { "type": "Polygon", "coordinates": [ [ [ -6.713159151091205, 37.231940761414059 ], [ -7.288392076276975, 36.781552818552207 ], [ -7.101893924140011, 36.141695300502455 ], [ -6.352241345848064, 35.953427409097124 ], [ -5.781979998471222, 36.399720683292024 ], [ -5.956354547782812, 37.03833156775822 ], [ -6.713159151091205, 37.231940761414059 ] ] ] } },
{ "type": "Feature", "properties": { "province_id": "833820fffffffff", "name": "Spain 53", "country": "Spain", "neighbors": [ "833822fffffffff", "833823fffffffff", "833824fffffffff", "833825fffffffff", "833826fffffffff" ], "centroid_lon": -1.7302674401771225, "centroid_lat": 36.439321230377971, "land_frac": 0.0229 }, "geometry": { "type": "Polygon", "coordinates": [ [ [ -1.863369025179074, 37.071291248323057 ], [ -2.440293783683341, 36.653153081315068 ], [ -2.300289903409303, 36.020198756022872 ], [ -1.595264915917635, 35.807808474085242 ], [ -1.02495216236542, 36.22250972588774 ], [ -1.153047830007466, 36.85299885201885 ], [ -1.863369025179074, 37.071291248323057 ] ] ] } },
{ "type": "Feature", "properties": { "province_id": "833826fffffffff", "name": "Spain 54", "country": "Spain", "neighbors": [ "833820fffffffff", "833822fffffffff", "833824fffffffff", "833835fffffffff", "833919fffffffff" ], "centroid_lon": -3.016168171959714, "centroid_lat": 36.230082357881521, "land_frac": 0.0268 }, "geometry": { "type": "Polygon", "coordinates": [ [ [ -3.161409348392469, 36.864344937500668 ], [ -3.736743702316591, 36.43674965516054 ], [ -3.58480580326525, 35.801655683177543 ], [ -2.869452690211243, 35.59625541154071 ], [ -2.300289903409303, 36.020198756022872 ], [ -2.440293783683341, 36.653153081315068 ], [ -3.161409348392469, 36.864344937500668 ] ] ] } },
{ "type": "Feature", "properties": { "province_id": "831f8efffffffff", "name": "Switzerland 1", "country": "Switzerland", "neighbors": [ "831f83fffffffff", "831f88fffffffff", "831f8afffffffff", "831f9dfffffffff" ], "centroid_lon": 9.3957276909816176, "centroid_lat": 47.35135564133769, "land_frac": 0.9861 }, "geometry": { "type": "Polygon", "coordinates": [ [ [ 8.569415354535854, 47.571078975869128 ], [ 8.645314229897531, 46.977068439610541 ], [ 9.463672237549419, 46.7557038219419 ], [ 10.217491094939923, 47.127717016772692 ], [ 10.153180355572067, 47.724094831860597 ], [ 9.323357116056014, 47.946139775970188 ], [ 8.569415354535854, 47.571078975869128 ] ] ] } },
{ "type": "Feature", "properties": { "province_id": "831f83fffffffff", "name": "Switzerland 2", "country": "Switzerland", "neighbors": [ "831f82fffffffff", "831f8efffffffff", "831f9cfffffffff", "831f9dfffffffff" ], "centroid_lon": 7.8279584705299454, "centroid_lat": 47.18934852554559, "land_frac": 1.0 }, "geometry": { "type": "Polygon", "coordinates": [ [ [ 7.006320917775811, 47.397670262956332 ], [ 7.093390899761207, 46.806293103797181 ], [ 7.907013832241965, 46.596156245581597 ], [ 8.645314229897531, 46.977068439610541 ], [ 8.569415354535854, 47.571078975869128 ], [ 7.743929237844861, 47.781588209748492 ], [ 7.006320917775811, 47.397670262956332 ] ] ] } },
{ "type": "Feature", "properties": { "province_id": "831f9dfffffffff", "name": "Switzerland 3", "country": "Switzerland", "neighbors": [ "831f83fffffffff", "831f8afffffffff", "831f8efffffffff", "831f98fffffffff", "831f99fffffffff", "831f9cfffffffff" ], "centroid_lon": 8.7218348509522414, "centroid_lat": 46.377046133370669, "land_frac": 1.0 }, "geometry": { "type": "Polygon", "coordinates": [ [ [ 7.907013832241965, 46.596156245581597 ], [ 7.986740374168108, 45.996974876962099 ], [ 8.793724920908769, 45.776108929067384 ], [ 9.532250123457684, 46.15397080087272 ], [ 9.463672237549419, 46.7557038219419 ], [ 8.645314229897531, 46.977068439610541 ], [ 7.907013832241965, 46.596156245581597 ] ] ] } },
{ "type": "Feature", "properties": { "province_id": "831f9cfffffffff", "name": "Switzerland 4", "country": "Switzerland", "neighbors": [ "831f82fffffffff", "831f83fffffffff", "831f91fffffffff", "831f98fffffffff", "831f9dfffffffff", "831f9efffffffff" ], "centroid_lon": 7.1811166274928748, "centroid_lat": 46.208999241501587, "land_frac": 1.0 }, "geometry": { "type": "Polygon", "coordinates": [ [ [ 6.37133856069232, 46.417016655689096 ], [ 6.461796324878491, 45.820650213458968 ], [ 7.263690585708126, 45.610703592413039 ], [ 7.986740374168108, 45.996974876962099 ], [ 7.907013832241965, 46.596156245581597 ], [ 7.093390899761207, 46.806293103797181 ], [ 6.37133856069232, 46.417016655689096 ] ] ] } },
{ "type": "Feature", "properties": { "province_id": "833868fffffffff", "name": "Tunisia 1", "country": "Tunisia", "neighbors": [ "833869fffffffff", "83386afffffffff", "83386efffffffff" ], "centroid_lon": 11.128846441946246, "centroid_lat": 37.061412733900724, "land_frac": 0.1331 }, "geometry": { "type": "Polygon", "coordinates": [ [ [ 10.394443174818267, 37.335934054501834 ], [ 10.449786059559885, 36.682996149446758 ], [ 11.177783897293864, 36.406698496212222 ], [ 11.858946974130328, 36.782478366236965 ], [ 11.812995637919421, 37.438073471925946 ], [ 11.07642555240577, 37.715270795496572 ], [ 10.394443174818267, 37.335934054501834 ] ] ] } },
{ "type": "Feature", "properties": { "province_id": "83386efffffffff", "name": "Tunisia 2", "country": "Tunisia", "neighbors": [ "833845fffffffff", "833863fffffffff", "833868fffffffff", "83386afffffffff" ], "centroid_lon": 9.7220844265700652, "centroid_lat": 36.952661092845233, "land_frac": 0.7382 }, "geometry": { "type": "Polygon", "coordinates": [ [ [ 8.990200048639421, 37.217822025978244 ], [ 9.054678245207665, 36.567850931999317 ], [ 9.780054931595059, 36.300730681932812 ], [ 10.449786059559885, 36.682996149446758 ], [ 10.394443174818267, 37.335934054501834 ], [ 9.660162370599632, 37.603675988233618 ], [ 8.990200048639421, 37.217822025978244 ] ] ] } },
{ "type": "Feature", "properties": { "province_id": "83386afffffffff", "name": "Tunisia 3", "country": "Tunisia", "neighbors": [ "833841fffffffff", "833845fffffffff", "83384cfffffffff", "833868fffffffff", "83386efffffffff" ], "centroid_lon": 10.505851329010953, "centroid_lat": 36.027124473705456, "land_frac": 0.6494 }, "geometry": { "type": "Polygon", "coordinates": [ [ [ 9.780054931595059, 36.300730681932812 ], [ 9.838802394025242, 35.645857309426198 ], [ 10.558256056640364, 35.370372439869115 ], [ 11.227441036551932, 35.748985199369891 ], [ 11.177783897293864, 36.406698496212222 ], [ 10.449786059559885, 36.682996149446758 ], [ 9.780054931595059, 36.300730681932812 ] ] ] } },
{ "type": "Feature", "properties": { "province_id": "833845fffffffff", "name": "Tunisia 4", "country": "Tunisia", "neighbors": [ "833840fffffffff", "833841fffffffff", "833844fffffffff", "833863fffffffff", "83386afffffffff", "83386efffffffff" ], "centroid_lon": 9.1199312245920972, "centroid_lat": 35.915003229208573, "land_frac": 1.0 }, "geometry": { "type": "Polygon", "coordinates": [ [ [ 8.396968715497028, 36.179528900422568 ], [ 8.46454693405048, 35.527800235317116 ], [ 9.181076034373035, 35.261214935937915 ], [ 9.838802394025242, 35.645857309426198 ], [ 9.780054931595059, 36.300730681932812 ], [ 9.054678245207665, 36.567850931999317 ], [ 8.396968715497028, 36.179528900422568 ] ] ] } },
{ "type": "Feature", "properties": { "province_id": "83384cfffffffff", "name": "Tunisia 5", "country": "Tunisia", "neighbors": [ "833841fffffffff", "83384efffffffff", "83386afffffffff" ], "centroid_lon": 11.2777958888095, "centroid_lat": 35.088679342950016, "land_frac": 0.2259 }, "geometry": { "type": "Polygon", "coordinates": [ [ [ 10.558256056640364, 35.370372439869115 ], [ 10.611412354770128, 34.711013599053885 ], [ 11.324778680006093, 34.427525388097742 ], [ 11.993117366338348, 34.802426898350156 ], [ 11.948995506655715, 35.464490133343581 ], [ 11.227441036551932, 35.748985199369891 ], [ 10.558256056640364, 35.370372439869115 ] ] ] } },
{ "type": "Feature", "properties": { "province_id": "833841fffffffff", "name": "Tunisia 6", "country": "Tunisia", "neighbors": [ "833840fffffffff", "833843fffffffff", "833845fffffffff", "83384cfffffffff", "83384efffffffff", "83386afffffffff" ], "centroid_lon": 9.8983020919976816, "centroid_lat": 34.988441383846833, "land_frac": 1.0 }, "geometry": { "type": "Polygon", "coordinates": [ [ [ 9.181076034373035, 35.261214935937915 ], [ 9.243028948295104, 34.604873785957288 ], [ 9.953977947755179, 34.330122525384581 ], [ 10.611412354770128, 34.711013599053885 ], [ 10.558256056640364, 35.370372439869115 ], [ 9.838802394025242, 35.645857309426198 ], [ 9.181076034373035, 35.261214935937915 ] ] ] } },
{ "type": "Feature", "properties": { "province_id": "833840fffffffff", "name": "Tunisia 7", "country": "Tunisia", "neighbors": [ "833841fffffffff", "833842fffffffff", "833843fffffffff", "833844fffffffff", "833845fffffffff", "833846fffffffff" ], "centroid_lon": 8.5329291526653357, "centroid_lat": 34.873583614727856, "land_frac": 1.0 }, "geometry": { "type": "Polygon", "coordinates": [ [ [ 7.818824614940878, 35.137556021979698 ], [ 7.889312371269926, 34.484531928539518 ], [ 8.597060057969626, 34.218403367578418 ], [ 9.243028948295104, 34.604873785957288 ], [ 9.181076034373035, 35.261214935937915 ], [ 8.46454693405048, 35.527800235317116 ], [ 7.818824614940878, 35.137556021979698 ] ] ] } },
{ "type": "Feature", "properties": { "province_id": "83384efffffffff", "name": "Tunisia 8", "country": "Tunisia", "neighbors": [ "833841fffffffff", "833843fffffffff", "83384afffffffff", "83384cfffffffff", "83385dfffffffff" ], "centroid_lon": 10.66529579819823, "centroid_lat": 34.049462168053353, "land_frac": 0.2555 }, "geometry": { "type": "Polygon", "coordinates": [ [ [ 9.953977947755179, 34.330122525384581 ], [ 10.010436136048829, 33.669595736644801 ], [ 10.715637687158724, 33.387042566394477 ], [ 11.372485101639032, 33.76411674446188 ], [ 11.324778680006093, 34.427525388097742 ], [ 10.611412354770128, 34.711013599053885 ], [ 9.953977947755179, 34.330122525384581 ] ] ] } },
{ "type": "Feature", "properties": { "province_id": "833843fffffffff", "name": "Tunisia 9", "country": "Tunisia", "neighbors": [ "833840fffffffff", "833841fffffffff", "833842fffffffff", "83384efffffffff", "83385cfffffffff", "83385dfffffffff" ], "centroid_lon": 9.3057627845925079, "centroid_lat": 33.946387376212527, "land_frac": 1.0 }, "geometry": { "type": "Polygon", "coordinates": [ [ [ 8.597060057969626, 34.218403367578418 ], [ 8.662028859084071, 33.561066247639737 ], [ 9.364522933997064, 33.286977315582924 ], [ 10.010436136048829, 33.669595736644801 ], [ 9.953977947755179, 34.330122525384581 ], [ 9.243028948295104, 34.604873785957288 ], [ 8.597060057969626, 34.218403367578418 ] ] ] } },
{ "type": "Feature", "properties": { "province_id": "833842fffffffff", "name": "Tunisia 10", "country": "Tunisia", "neighbors": [ "833840fffffffff", "833843fffffffff", "833846fffffffff", "833851fffffffff", "833855fffffffff", "83385cfffffffff" ], "centroid_lon": 7.9606319525072786, "centroid_lat": 33.829413873712483, "land_frac": 1.0 }, "geometry": { "type": "Polygon", "coordinates": [ [ [ 7.255312768011527, 34.092906877914473 ], [ 7.328529204107206, 33.439052811308841 ], [ 8.027570156679898, 33.173311423144405 ], [ 8.662028859084071, 33.561066247639737 ], [ 8.597060057969626, 34.218403367578418 ], [ 7.889312371269926, 34.484531928539518 ], [ 7.255312768011527, 34.092906877914473 ] ] ] } },
{ "type": "Feature", "properties": { "province_id": "83384afffffffff", "name": "Tunisia 11", "country": "Tunisia", "neighbors": [ "83384bfffffffff", "83384efffffffff", "833859fffffffff", "83385dfffffffff", "833fa4fffffffff" ], "centroid_lon": 11.420891225855245, "centroid_lat": 33.098880245833698, "land_frac": 0.6499 }, "geometry": { "type": "Polygon", "coordinates": [ [ [ 10.715637687158724, 33.387042566394477 ], [ 10.766733695662394, 32.722774908752477 ], [ 11.466035435670603, 32.432807380977003 ], [ 12.122014573404027, 32.806005227393335 ], [ 12.079615513237309, 33.473010553995614 ], [ 11.372485101639032, 33.76411674446188 ], [ 10.715637687158724, 33.387042566394477 ] ] ] } },
{ "type": "Feature", "properties": { "province_id": "83385dfffffffff", "name": "Tunisia 12", "country": "Tunisia", "neighbors": [ "833843fffffffff", "83384afffffffff", "83384efffffffff", "833858fffffffff", "833859fffffffff", "83385cfffffffff" ], "centroid_lon": 10.067649746732075, "centroid_lat": 33.007281281101136, "land_frac": 1.0 }, "geometry": { "type": "Polygon", "coordinates": [ [ [ 9.364522933997064, 33.286977315582924 ], [ 9.424094835716403, 32.625762968759986 ], [ 10.121165707931279, 32.344080251392505 ], [ 10.766733695662394, 32.722774908752477 ], [ 10.715637687158724, 33.387042566394477 ], [ 10.010436136048829, 33.669595736644801 ], [ 9.364522933997064, 33.286977315582924 ] ] ] } },
{ "type": "Feature", "properties": { "province_id": "83385cfffffffff", "name": "Tunisia 13", "country": "Tunisia", "neighbors": [ "833842fffffffff", "833843fffffffff", "833851fffffffff", "833858fffffffff", "83385dfffffffff", "83385efffffffff" ], "centroid_lon": 8.7278058982395734, "centroid_lat": 32.901985391331138, "land_frac": 1.0 }, "geometry": { "type": "Polygon", "coordinates": [ [ [ 8.027570156679898, 33.173311423144405 ], [ 8.095374498650648, 32.515452126346709 ], [ 8.789472493007414, 32.241962244671356 ], [ 9.424094835716403, 32.625762968759986 ], [ 9.364522933997064, 33.286977315582924 ], [ 8.662028859084071, 33.561066247639737 ], [ 8.027570156679898, 33.173311423144405 ] ] ] } },
{ "type": "Feature", "properties": { "province_id": "833859fffffffff", "name": "Tunisia 14", "country": "Tunisia", "neighbors": [ "83384afffffffff", "833858fffffffff", "83385dfffffffff", "833fa4fffffffff", "833fa6fffffffff" ], "centroid_lon": 10.818557386729855, "centroid_lat": 32.057090847822877, "land_frac": 0.869 }, "geometry": { "type": "Polygon", "coordinates": [ [ [ 10.121165707931279, 32.344080251392505 ], [ 10.17546494285631, 31.67944138383012 ], [ 10.866957267661746, 31.390554314681442 ], [ 11.511903307981575, 31.765260034653007 ], [ 11.466035435670603, 32.432807380977003 ], [ 10.766733695662394, 32.722774908752477 ], [ 10.121165707931279, 32.344080251392505 ] ] ] } },
{ "type": "Feature", "properties": { "province_id": "833858fffffffff", "name": "Tunisia 15", "country": "Tunisia", "neighbors": [ "833859fffffffff", "83385cfffffffff", "83385dfffffffff", "83385efffffffff" ], "centroid_lon": 9.4844490805925847, "centroid_lat": 31.963168929053708, "land_frac": 0.7691 }, "geometry": { "type": "Polygon", "coordinates": [ [ [ 8.789472493007414, 32.241962244671356 ], [ 8.851978727746133, 31.580541329669426 ], [ 9.540962638360565, 31.299671795808077 ], [ 10.17546494285631, 31.67944138383012 ], [ 10.121165707931279, 32.344080251392505 ], [ 9.424094835716403, 32.625762968759986 ], [ 8.789472493007414, 32.241962244671356 ] ] ] } },
{ "type": "Feature", "properties": { "province_id": "831ecdfffffffff", "name": "Turkey 1", "country": "Turkey", "neighbors": [ "831ec8fffffffff", "831eccfffffffff", "831eebfffffffff" ], "centroid_lon": 28.34597168675046, "centroid_lat": 41.95476015529605, "land_frac": 0.1878 }, "geometry": { "type": "Polygon", "coordinates": [ [ [ 27.614916288752958, 42.328975926242975 ], [ 27.548629928750927, 41.689531942737496 ], [ 28.275820032816164, 41.315589276309595 ], [ 29.071742764486306, 41.5781472070192 ], [ 29.14886865144873, 42.216188620578563 ], [ 28.419295722433173, 42.593125361128237 ], [ 27.614916288752958, 42.328975926242975 ] ] ] } },
{ "type": "Feature", "properties": { "province_id": "831ec8fffffffff", "name": "Turkey 2", "country": "Turkey", "neighbors": [ "831ecafffffffff", "831ecbfffffffff", "831eccfffffffff", "831ecdfffffffff", "831ecefffffffff" ], "centroid_lon": 27.482355882272383, "centroid_lat": 41.045228051296959, "land_frac": 0.636 }, "geometry": { "type": "Polygon", "coordinates": [ [ [ 26.753927136960183, 41.416392001077334 ], [ 26.694448326552081, 40.771103621578639 ], [ 27.418892471361637, 40.400141085068718 ], [ 28.205616410843675, 40.671537601271609 ], [ 28.275820032816164, 41.315589276309595 ], [ 27.548629928750927, 41.689531942737496 ], [ 26.753927136960183, 41.416392001077334 ] ] ] } },
{ "type": "Feature", "properties": { "province_id": "831ecafffffffff", "name": "Turkey 3", "country": "Turkey", "neighbors": [ "831ec8fffffffff", "831ecbfffffffff", "831ecefffffffff", "831ed9fffffffff", "831eddfffffffff", "833f64fffffffff" ], "centroid_lon": 26.635004056643428, "centroid_lat": 40.121258037976773, "land_frac": 0.6901 }, "geometry": { "type": "Polygon", "coordinates": [ [ [ 25.909550197343975, 40.489383304604537 ], [ 25.856656152704698, 39.838649060024288 ], [ 26.578016345292625, 39.470649030275197 ], [ 27.355401559217718, 39.750471521407114 ], [ 27.418892471361637, 40.400141085068718 ], [ 26.694448326552081, 40.771103621578639 ], [ 25.909550197343975, 40.489383304604537 ] ] ] } },
{ "type": "Feature", "properties": { "province_id": "831ecbfffffffff", "name": "Turkey 4", "country": "Turkey", "neighbors": [ "831ec8fffffffff", "831ecafffffffff", "833f64fffffffff" ], "centroid_lon": 28.13537569076432, "centroid_lat": 40.022957608757594, "land_frac": 0.3382 }, "geometry": { "type": "Polygon", "coordinates": [ [ [ 27.418892471361637, 40.400141085068718 ], [ 27.355401559217718, 39.750471521407114 ], [ 28.068170795313389, 39.373559761679239 ], [ 28.846868847179124, 39.643310547712701 ], [ 28.920765617201017, 40.291569725733041 ], [ 28.205616410843675, 40.671537601271609 ], [ 27.418892471361637, 40.400141085068718 ] ] ] } },
{ "type": "Feature", "properties": { "province_id": "833f64fffffffff", "name": "Turkey 5", "country": "Turkey", "neighbors": [ "831ecafffffffff", "831ecbfffffffff", "831ed9fffffffff", "833f60fffffffff", "833f66fffffffff" ], "centroid_lon": 27.291897334460579, "centroid_lat": 39.096589736261201, "land_frac": 0.832 }, "geometry": { "type": "Polygon", "coordinates": [ [ [ 26.578016345292625, 39.470649030275197 ], [ 26.521027910763664, 38.815774625321389 ], [ 27.231079933174691, 38.441913174898822 ], [ 28.000887830395641, 38.71992501118347 ], [ 28.068170795313389, 39.373559761679239 ], [ 27.355401559217718, 39.750471521407114 ], [ 26.578016345292625, 39.470649030275197 ] ] ] } },
{ "type": "Feature", "properties": { "province_id": "833f66fffffffff", "name": "Turkey 6", "country": "Turkey", "neighbors": [ "831ed9fffffffff", "831edbfffffffff", "833f60fffffffff", "833f62fffffffff", "833f64fffffffff", "833f75fffffffff" ], "centroid_lon": 26.464052052316429, "centroid_lat": 38.157022247601624, "land_frac": 0.315 }, "geometry": { "type": "Polygon", "coordinates": [ [ [ 25.753096960814176, 38.527962504560847 ], [ 25.702400888627096, 37.868315854682727 ], [ 26.409421612777702, 37.497495353866356 ], [ 27.170212608437332, 37.783329718081148 ], [ 27.231079933174691, 38.441913174898822 ], [ 26.521027910763664, 38.815774625321389 ], [ 25.753096960814176, 38.527962504560847 ] ] ] } },
{ "type": "Feature", "properties": { "province_id": "833f60fffffffff", "name": "Turkey 7", "country": "Turkey", "neighbors": [ "833f62fffffffff", "833f63fffffffff", "833f64fffffffff", "833f66fffffffff" ], "centroid_lon": 27.933543244678596, "centroid_lat": 38.062439088376827, "land_frac": 0.5441 }, "geometry": { "type": "Polygon", "coordinates": [ [ [ 27.231079933174691, 38.441913174898822 ], [ 27.170212608437332, 37.783329718081148 ], [ 27.869103311828209, 37.404126422142085 ], [ 28.631285561242375, 37.680411485902745 ], [ 28.702149766570706, 38.337579071316711 ], [ 28.000887830395641, 38.71992501118347 ], [ 27.231079933174691, 38.441913174898822 ] ] ] } },
{ "type": "Feature", "properties": { "province_id": "833f62fffffffff", "name": "Turkey 8", "country": "Turkey", "neighbors": [ "833f44fffffffff", "833f60fffffffff", "833f63fffffffff", "833f66fffffffff", "833f75fffffffff" ], "centroid_lon": 27.109310913723686, "centroid_lat": 37.121241355869699, "land_frac": 0.2651 }, "geometry": { "type": "Polygon", "coordinates": [ [ [ 26.409421612777702, 37.497495353866356 ], [ 26.354771311728221, 36.83440897961448 ], [ 27.050977107397056, 36.458349802676601 ], [ 27.804564032654561, 36.742280524890063 ], [ 27.869103311828209, 37.404126422142085 ], [ 27.170212608437332, 37.783329718081148 ], [ 26.409421612777702, 37.497495353866356 ] ] ] } },
{ "type": "Feature", "properties": { "province_id": "833f63fffffffff", "name": "Turkey 9", "country": "Turkey", "neighbors": [ "833f44fffffffff", "833f60fffffffff", "833f62fffffffff" ], "centroid_lon": 28.56031134362372, "centroid_lat": 37.019768465533389, "land_frac": 0.0506 }, "geometry": { "type": "Polygon", "coordinates": [ [ [ 27.869103311828209, 37.404126422142085 ], [ 27.804564032654561, 36.742280524890063 ], [ 28.492447262740846, 36.358266427440448 ], [ 29.246970309247949, 36.632904906484185 ], [ 29.321213983354724, 37.293158208012805 ], [ 28.631285561242375, 37.680411485902745 ], [ 27.869103311828209, 37.404126422142085 ] ] ] } }
]
}
